exp_key,RMSE_annual,RMSE_winter,R2_annual,R2_winter,Bias_annual,Bias_winter,n_preds,n_annual,n_winter,E_ZERO_RMSE_annual,Delta_vs_ZERO
TL_CH_to_ISL_G13_Y3_M64_seed10,1.861469981084143,0.90998712311177,0.4765540198438818,0.17518904469522933,-0.7415548181257297,0.09510795990936458,2444,1164,1280,2.750572565450484,-0.8891025843663407
TL_CH_to_ISL_G13_Y3_M64_seed20,1.6091749393152839,0.9479773967469249,0.608829301256544,0.1048828220603727,0.25677699111786084,-0.045624055829830465,2444,1164,1280,2.750572565450484,-1.1413976261352
TL_CH_to_ISL_G13_Y3_M64_seed30,1.499236463510378,1.0422457645292287,0.6604528671411557,-0.08199238660944541,-0.29027246911705973,0.18544189974199982,2444,1164,1280,2.750572565450484,-1.2513361019401057
TL_CH_to_ISL_G13_Y3_M64_seed40,1.6906813272225842,0.8634409012092991,0.5681993346314761,0.25740988854483393,0.49310445186403606,-0.13404101189225912,2444,1164,1280,2.750572565450484,-1.0598912382278995
TL_CH_to_ISL_G13_Y3_M64_seed50,1.9335850250251279,0.9012790941254802,0.43521085277124183,0.19089940263642236,0.17197963403365046,0.21486375890672207,2444,1164,1280,2.750572565450484,-0.8169875404253559
TL_CH_to_ISL_G13_Y5_M16_seed10,2.5802592434724008,1.1265880044309307,-0.005741752968056346,-0.2641953030297579,-1.9259976522926612,0.28265338542405516,2444,1164,1280,2.750572565450484,-0.17031332197808302
TL_CH_to_ISL_G13_Y5_M16_seed20,1.8434307092685336,0.8353421295504925,0.48665015995135075,0.30495536198312834,0.3725911190675706,0.12519715977832674,2444,1164,1280,2.750572565450484,-0.9071418561819502
TL_CH_to_ISL_G13_Y5_M16_seed30,1.9239279669667577,1.7208475495184687,0.44083830782276945,-1.9496380196464949,0.1204586308641532,0.5297333728056401,2444,1164,1280,2.750572565450484,-0.8266445984837261
TL_CH_to_ISL_G13_Y5_M16_seed40,1.7023073376552569,1.3052113018762481,0.5622403411258392,-0.6968583053665118,0.3706130501126096,-0.3071307161357254,2444,1164,1280,2.750572565450484,-1.048265227795227
TL_CH_to_ISL_G13_Y5_M16_seed50,1.7104695857434513,1.01971769492459,0.5580323241096532,-0.03572351894901704,-0.2980319977165088,-0.14601532469969242,2444,1164,1280,2.750572565450484,-1.0401029797070325
TL_CH_to_ISL_G13_Y8_M64_seed10,2.096450855240848,1.1454920497168501,0.3360594905585095,-0.3069774233936442,-1.2701314423758139,-0.64113273343537,2444,1164,1280,2.750572565450484,-0.6541217102096359
TL_CH_to_ISL_G13_Y8_M64_seed20,1.6816168186230367,1.1360677780792703,0.5728170804537027,-0.2855601794229907,-0.3978025418581422,-0.08607919428031892,2444,1164,1280,2.750572565450484,-1.068955746827447
TL_CH_to_ISL_G13_Y8_M64_seed30,1.56400646975134,1.1251869771956207,0.6304809050802833,-0.26105294623797315,-0.038524621617548244,0.038629074883647266,2444,1164,1280,2.750572565450484,-1.1865660956991437
TL_CH_to_ISL_G13_Y8_M64_seed40,1.569751077579922,1.1179396118797493,0.627761426931041,-0.24486029866885883,0.014634471066628945,-0.1688066012924537,2444,1164,1280,2.750572565450484,-1.1808214878705618
TL_CH_to_ISL_G13_Y8_M64_seed50,1.637376635598533,1.0216106141710457,0.5949981817871439,-0.039572350219723385,-0.1823441391599547,0.03500886079855263,2444,1164,1280,2.750572565450484,-1.1131959298519507
TL_CH_to_ISL_G1_Y1_M128_seed10,2.3992956561918923,1.0479210206020773,0.1303843828938287,-0.09380783836432438,-1.1686103420773732,0.052291721431538464,2444,1164,1280,2.750572565450484,-0.35127690925859145
TL_CH_to_ISL_G1_Y1_M128_seed20,2.198799374028641,0.988918770727283,0.2696500492643997,0.025896356586136426,-0.7585057936275947,0.007900127582252026,2444,1164,1280,2.750572565450484,-0.5517731914218427
TL_CH_to_ISL_G1_Y1_M128_seed30,2.4192840772443325,1.0457871072389202,0.11583457249858098,-0.08935766582870386,-1.2607538640703941,-0.3549260524101555,2444,1164,1280,2.750572565450484,-0.3312884882061513
TL_CH_to_ISL_G1_Y1_M128_seed40,5.377264829615016,3.5345054962375637,-3.3680001730353526,-11.443462683121947,4.99964067734189,3.3701440586475657,2444,1164,1280,2.750572565450484,2.6266922641645323
TL_CH_to_ISL_G1_Y1_M128_seed50,2.3992956561918923,1.0479210206020773,0.1303843828938287,-0.09380783836432438,-1.1686103420773732,0.052291721431538464,2444,1164,1280,2.750572565450484,-0.35127690925859145
TL_CH_to_ISL_G1_Y1_M300_seed10,2.3992956561918923,1.0479210206020773,0.1303843828938287,-0.09380783836432438,-1.1686103420773732,0.052291721431538464,2444,1164,1280,2.750572565450484,-0.35127690925859145
TL_CH_to_ISL_G1_Y1_M300_seed20,2.198799374028641,0.988918770727283,0.2696500492643997,0.025896356586136426,-0.7585057936275947,0.007900127582252026,2444,1164,1280,2.750572565450484,-0.5517731914218427
TL_CH_to_ISL_G1_Y1_M300_seed30,2.4192840772443325,1.0457871072389202,0.11583457249858098,-0.08935766582870386,-1.2607538640703941,-0.3549260524101555,2444,1164,1280,2.750572565450484,-0.3312884882061513
TL_CH_to_ISL_G1_Y1_M300_seed40,5.377264829615016,3.5345054962375637,-3.3680001730353526,-11.443462683121947,4.99964067734189,3.3701440586475657,2444,1164,1280,2.750572565450484,2.6266922641645323
TL_CH_to_ISL_G1_Y1_M300_seed50,2.3992956561918923,1.0479210206020773,0.1303843828938287,-0.09380783836432438,-1.1686103420773732,0.052291721431538464,2444,1164,1280,2.750572565450484,-0.35127690925859145
TL_CH_to_ISL_G1_Y1_M4_seed10,2.6651537718975122,1.1642939672005554,-0.07301140555161689,-0.35023456490205285,-1.6806954326447343,-0.6206606776453555,2444,1164,1280,2.750572565450484,-0.08541879355297155
TL_CH_to_ISL_G1_Y1_M4_seed20,2.6479009814596846,1.1603377853372756,-0.05916415872079184,-0.34107416696450943,-1.6521261415325899,-0.6133229012135416,2444,1164,1280,2.750572565450484,-0.10267158399079923
TL_CH_to_ISL_G1_Y1_M4_seed30,3.819573509911429,3.3125757652971926,-1.2038881023855152,-9.929884372183466,3.186886774280022,3.0925310534192247,2444,1164,1280,2.750572565450484,1.0690009444609454
TL_CH_to_ISL_G1_Y1_M4_seed40,13.087992960625389,8.981201206518971,-24.876521822437784,-79.34387594437752,12.915459735440635,8.814067038404755,2444,1164,1280,2.750572565450484,10.337420395174906
TL_CH_to_ISL_G1_Y1_M4_seed50,4.474647873839522,4.679435087035718,-2.0246666972035277,-20.810759116431583,3.785378564187546,4.38514096213039,2444,1164,1280,2.750572565450484,1.7240753083890379
TL_CH_to_ISL_G1_Y2_M32_seed10,2.3992956561918923,1.0479210206020773,0.1303843828938287,-0.09380783836432438,-1.1686103420773732,0.052291721431538464,2444,1164,1280,2.750572565450484,-0.35127690925859145
TL_CH_to_ISL_G1_Y2_M32_seed20,2.198799374028641,0.988918770727283,0.2696500492643997,0.025896356586136426,-0.7585057936275947,0.007900127582252026,2444,1164,1280,2.750572565450484,-0.5517731914218427
TL_CH_to_ISL_G1_Y2_M32_seed30,2.4616597041130164,1.0655974052637334,0.08458962952737203,-0.1310198723797782,-1.3422420231234986,-0.41156883800867944,2444,1164,1280,2.750572565450484,-0.2889128613374674
TL_CH_to_ISL_G1_Y2_M32_seed40,4.620628408413463,2.9921316293797457,-2.225238852159412,-7.917545154741511,4.1697736281095095,2.808948054979555,2444,1164,1280,2.750572565450484,1.8700558429629792
TL_CH_to_ISL_G1_Y2_M32_seed50,2.3992956561918923,1.0479210206020773,0.1303843828938287,-0.09380783836432438,-1.1686103420773732,0.052291721431538464,2444,1164,1280,2.750572565450484,-0.35127690925859145
TL_CH_to_ISL_G1_Y2_M4_seed10,2.6651537718975122,1.1642939672005554,-0.07301140555161689,-0.35023456490205285,-1.6806954326447343,-0.6206606776453555,2444,1164,1280,2.750572565450484,-0.08541879355297155
TL_CH_to_ISL_G1_Y2_M4_seed20,2.6479009814596846,1.1603377853372756,-0.05916415872079184,-0.34107416696450943,-1.6521261415325899,-0.6133229012135416,2444,1164,1280,2.750572565450484,-0.10267158399079923
TL_CH_to_ISL_G1_Y2_M4_seed30,4.183817449056068,3.662916385550129,-1.6442666566548811,-12.364045237859846,3.6379091065773848,3.445139025314711,2444,1164,1280,2.750572565450484,1.4332448836055844
TL_CH_to_ISL_G1_Y2_M4_seed40,9.123975222983901,5.748176060864282,-11.57557899028876,-31.911225209945385,8.885681848909027,5.597516484442167,2444,1164,1280,2.750572565450484,6.3734026575334175
TL_CH_to_ISL_G1_Y2_M4_seed50,4.474647873839522,4.679435087035718,-2.0246666972035277,-20.810759116431583,3.785378564187546,4.38514096213039,2444,1164,1280,2.750572565450484,1.7240753083890379
TL_CH_to_ISL_G1_Y37_M300_seed10,2.3992956561918923,1.0479210206020773,0.1303843828938287,-0.09380783836432438,-1.1686103420773732,0.052291721431538464,2444,1164,1280,2.750572565450484,-0.35127690925859145
TL_CH_to_ISL_G1_Y37_M300_seed20,2.198799374028641,0.988918770727283,0.2696500492643997,0.025896356586136426,-0.7585057936275947,0.007900127582252026,2444,1164,1280,2.750572565450484,-0.5517731914218427
TL_CH_to_ISL_G1_Y37_M300_seed30,2.2690920223223245,1.3111418882627874,0.22220703119631358,-0.7123136229590585,-1.3390706078344603,-0.3199261317728087,2444,1164,1280,2.750572565450484,-0.48148054312815924
TL_CH_to_ISL_G1_Y37_M300_seed40,4.815218587622378,3.171403357407563,-2.50261020398038,-9.018135243100232,4.389452301708284,2.996701900917105,2444,1164,1280,2.750572565450484,2.0646460221718943
TL_CH_to_ISL_G1_Y37_M300_seed50,2.3992956561918923,1.0479210206020773,0.1303843828938287,-0.09380783836432438,-1.1686103420773732,0.052291721431538464,2444,1164,1280,2.750572565450484,-0.35127690925859145
TL_CH_to_ISL_G1_Y37_M4_seed10,2.6651537718975122,1.1642939672005554,-0.07301140555161689,-0.35023456490205285,-1.6806954326447343,-0.6206606776453555,2444,1164,1280,2.750572565450484,-0.08541879355297155
TL_CH_to_ISL_G1_Y37_M4_seed20,2.6479009814596846,1.1603377853372756,-0.05916415872079184,-0.34107416696450943,-1.6521261415325899,-0.6133229012135416,2444,1164,1280,2.750572565450484,-0.10267158399079923
TL_CH_to_ISL_G1_Y37_M4_seed30,11.691021104530813,6.963259868078948,-19.647367318786543,-47.29577434235985,-11.503814685232042,-6.839206525427289,2444,1164,1280,2.750572565450484,8.940448539080329
TL_CH_to_ISL_G1_Y37_M4_seed40,14.135396928494428,9.018880231805543,-29.18393183170179,-80.01942681281095,13.95468356165894,8.836447180318647,2444,1164,1280,2.750572565450484,11.384824363043943
TL_CH_to_ISL_G1_Y37_M4_seed50,4.474647873839522,4.679435087035718,-2.0246666972035277,-20.810759116431583,3.785378564187546,4.38514096213039,2444,1164,1280,2.750572565450484,1.7240753083890379
TL_CH_to_ISL_G1_Y8_M64_seed10,2.3992956561918923,1.0479210206020773,0.1303843828938287,-0.09380783836432438,-1.1686103420773732,0.052291721431538464,2444,1164,1280,2.750572565450484,-0.35127690925859145
TL_CH_to_ISL_G1_Y8_M64_seed20,2.198799374028641,0.988918770727283,0.2696500492643997,0.025896356586136426,-0.7585057936275947,0.007900127582252026,2444,1164,1280,2.750572565450484,-0.5517731914218427
TL_CH_to_ISL_G1_Y8_M64_seed30,2.8612606987307285,1.2726927863160138,-0.23672931184291568,-0.613359282254629,-1.973535692236063,-0.8018390889046714,2444,1164,1280,2.750572565450484,0.11068813328024474
TL_CH_to_ISL_G1_Y8_M64_seed40,5.256788353181022,3.4404968101054907,-3.174464565451947,-10.790337746553732,4.8681634471486115,3.274096556263976,2444,1164,1280,2.750572565450484,2.5062157877305387
TL_CH_to_ISL_G1_Y8_M64_seed50,2.3992956561918923,1.0479210206020773,0.1303843828938287,-0.09380783836432438,-1.1686103420773732,0.052291721431538464,2444,1164,1280,2.750572565450484,-0.35127690925859145
TL_CH_to_ISL_G21_Y37_M4_seed10,8.494714434933124,5.326109938490304,-9.90077467725878,-27.25557700068663,-1.6183097381720837,0.8655546692898497,2444,1164,1280,2.750572565450484,5.7441418694826405
TL_CH_to_ISL_G21_Y37_M4_seed20,6.9249482781855685,5.243059471711239,-6.244240552532197,-26.381264145592176,1.0314397670559048,1.8302717537386344,2444,1164,1280,2.750572565450484,4.174375712735085
TL_CH_to_ISL_G21_Y37_M4_seed30,10.157838958751086,6.752751526948875,-14.586996632481045,-44.419826051779594,-2.907690495431833,0.5358113324269652,2444,1164,1280,2.750572565450484,7.407266393300602
TL_CH_to_ISL_G21_Y37_M4_seed40,5.177149620088016,4.162664266135854,-3.0489389416712003,-16.25943985439671,0.8503652982849026,1.5864860984263942,2444,1164,1280,2.750572565450484,2.426577054637532
TL_CH_to_ISL_G21_Y37_M4_seed50,5.058926582971043,3.990266509282844,-2.866130849020255,-14.85943580249647,0.029005877801642793,0.1275439653545618,2444,1164,1280,2.750572565450484,2.308354017520559
TL_CH_to_ISL_G21_Y3_M128_seed10,1.772686243431981,0.9125453840024748,0.5252952865859245,0.170544918183841,0.5749892725567638,0.22831507809460164,2444,1164,1280,2.750572565450484,-0.9778863220185028
TL_CH_to_ISL_G21_Y3_M128_seed20,1.5525680080347954,0.8770075136314242,0.6358661434044852,0.2338910158765256,0.38308732626364406,0.14375582903157919,2444,1164,1280,2.750572565450484,-1.1980045574156883
TL_CH_to_ISL_G21_Y3_M128_seed30,1.4668645284223023,0.9600414840902255,0.6749577554837096,0.08195509158319769,0.20458033637390105,0.01919080640655011,2444,1164,1280,2.750572565450484,-1.2837080370281815
TL_CH_to_ISL_G21_Y3_M128_seed40,1.666767681383846,0.8343404539408281,0.5803280558434478,0.3066212466970104,0.3652560224442957,0.05743677641730756,2444,1164,1280,2.750572565450484,-1.0838048840666379
TL_CH_to_ISL_G21_Y3_M128_seed50,1.564304745496468,0.9484404833917718,0.6303399477434122,0.10400807956595859,-0.03867980190056706,0.07828537228051573,2444,1164,1280,2.750572565450484,-1.1862678199540158
TL_CH_to_ISL_G21_Y8_M64_seed10,1.452068255882466,1.1147332249097226,0.6814820898717404,-0.23772971712543178,-0.241889126598835,0.13184305059257895,2444,1164,1280,2.750572565450484,-1.2985043095680178
TL_CH_to_ISL_G21_Y8_M64_seed20,1.4672238383997933,0.9043247011238997,0.6747984971155021,0.18542192960793902,-0.3467779743046695,-0.03850788550917059,2444,1164,1280,2.750572565450484,-1.2833487270506905
TL_CH_to_ISL_G21_Y8_M64_seed30,1.8065819031890762,1.246840176518461,0.5069680020659415,-0.548479652492466,-0.5666798319654776,-0.11427402091212571,2444,1164,1280,2.750572565450484,-0.9439906622614076
TL_CH_to_ISL_G21_Y8_M64_seed40,1.4940097973815338,1.0059178774701432,0.6628162114785277,-0.007880355062238165,0.16714366991392934,0.2070298140635714,2444,1164,1280,2.750572565450484,-1.25656276806895
TL_CH_to_ISL_G21_Y8_M64_seed50,1.764741578024875,0.9511984065666744,0.5295407293831331,0.09878968223612838,-0.6847466606505958,-0.11415494990069419,2444,1164,1280,2.750572565450484,-0.9858309874256088
TL_CH_to_ISL_G2_Y8_M64_seed10,2.6450726726292597,1.1581456950887763,-0.05690271201860275,-0.33601188463070897,-1.6481151606925983,-0.6094550063833595,2444,1164,1280,2.750572565450484,-0.10549989282122407
TL_CH_to_ISL_G2_Y8_M64_seed20,2.0656998076322193,1.1189091648420164,0.3553941936595659,-0.24702048935396737,0.32916928571728904,0.552753510302864,2444,1164,1280,2.750572565450484,-0.6848727578182645
TL_CH_to_ISL_G2_Y8_M64_seed30,1.738831499598991,1.7254071094350742,0.5432539575791064,-1.9652894567520924,-0.4612872283073635,-0.20353708881884813,2444,1164,1280,2.750572565450484,-1.0117410658514927
TL_CH_to_ISL_G2_Y8_M64_seed40,3.4307390775160833,1.7980002987743202,-0.7780139894633877,-2.220056160151965,2.8593919463839725,1.571325233648531,2444,1164,1280,2.750572565450484,0.6801665120655995
TL_CH_to_ISL_G2_Y8_M64_seed50,2.6653254674279223,1.164538622169799,-0.0731496618868892,-0.35080207845595046,-1.683664555453353,-0.6235915603581816,2444,1164,1280,2.750572565450484,-0.08524709802256147
TL_CH_to_ISL_G2_Y8_M8_seed10,2.0919580846139887,1.4829030683286313,0.3389021387845633,-1.190329511276759,-0.1581839348647193,0.9985563501017168,2444,1164,1280,2.750572565450484,-0.6586144808364951
TL_CH_to_ISL_G2_Y8_M8_seed20,3.459290189454399,2.3692841873653063,-0.8077309158472736,-4.591370090150533,2.8345338354764116,2.1515639085089786,2444,1164,1280,2.750572565450484,0.7087176240039152
TL_CH_to_ISL_G2_Y8_M8_seed30,1.880330373722351,1.0454231674751735,0.4658931869355277,-0.0885995926347527,0.14550084997083723,0.4949530077399686,2444,1164,1280,2.750572565450484,-0.8702421917281329
TL_CH_to_ISL_G2_Y8_M8_seed40,5.758786983687567,4.073691607877376,-4.009816557057578,-15.529519294792074,5.406271324073736,3.91559183660429,2444,1164,1280,2.750572565450484,3.008214418237083
TL_CH_to_ISL_G2_Y8_M8_seed50,2.3975321623686203,1.6831924942227823,0.1316622564045824,-1.821964192479069,-1.1856311051962303,1.1019526790827512,2444,1164,1280,2.750572565450484,-0.35304040308186346
TL_CH_to_ISL_G35_Y1_M300_seed10,1.6532320396983762,0.9087683363457333,0.5871166006909626,0.17739697808345078,0.4432592914020483,0.1808000763412565,2444,1164,1280,2.750572565450484,-1.0973405257521076
TL_CH_to_ISL_G35_Y1_M300_seed20,1.6999874712445826,0.8802909413233184,0.5634326663021834,0.22814380793346578,0.5029010846442783,0.06308606774546206,2444,1164,1280,2.750572565450484,-1.0505850942059012
TL_CH_to_ISL_G35_Y1_M300_seed30,1.6460891161956128,0.910381010259457,0.5906766858438237,0.17447485272733276,0.43891279768083513,0.18002210753038525,2444,1164,1280,2.750572565450484,-1.104483449254871
TL_CH_to_ISL_G35_Y1_M300_seed40,1.6418429881827354,0.9122299687792914,0.5927856816639409,0.17111821031869057,0.41946031695993496,0.18801073152571918,2444,1164,1280,2.750572565450484,-1.1087295772677483
TL_CH_to_ISL_G35_Y1_M300_seed50,1.6880948780687446,0.8837454612504143,0.5695194842884944,0.2220739409738951,0.463602761811612,0.07180290543474258,2444,1164,1280,2.750572565450484,-1.0624776873817392
TL_CH_to_ISL_G35_Y1_M4_seed10,5.31358989701111,4.45625767272696,-3.265165228750134,-18.779919371922965,4.9338091969285225,4.260633614449762,2444,1164,1280,2.750572565450484,2.5630173315606264
TL_CH_to_ISL_G35_Y1_M4_seed20,2.5448257179360705,1.1108718140678862,0.021691368716743376,-0.22916963296396964,-1.4841444197901337,-0.5179592005908489,2444,1164,1280,2.750572565450484,-0.2057468475144133
TL_CH_to_ISL_G35_Y1_M4_seed30,2.789153824555488,1.9149280770131916,-0.17518091095264499,-2.652488530534685,1.9429232598733657,1.6329544973326846,2444,1164,1280,2.750572565450484,0.03858125910500432
TL_CH_to_ISL_G35_Y1_M4_seed40,6.553809552203138,4.297238037894673,-5.48854661506963,-17.393431094135902,6.314741808677867,4.1314750495133925,2444,1164,1280,2.750572565450484,3.803236986752654
TL_CH_to_ISL_G35_Y1_M4_seed50,2.845557565414526,2.3317905058308543,-0.22319175929978297,-4.415804595342809,2.067098486054804,2.1033843017416074,2444,1164,1280,2.750572565450484,0.09498499996404242
TL_CH_to_ISL_G35_Y2_M4_seed10,3.0369217980907033,3.218358910242827,-0.39324345839817254,-9.316986843307173,2.556955110473731,2.9782005629735067,2444,1164,1280,2.750572565450484,0.2863492326402195
TL_CH_to_ISL_G35_Y2_M4_seed20,3.702076433014787,3.193904714764024,-1.0703823511634845,-9.160798479422986,3.2654333453868674,2.9580075030447914,2444,1164,1280,2.750572565450484,0.9515038675643033
TL_CH_to_ISL_G35_Y2_M4_seed30,4.284224040446303,3.0888704951383854,-1.7727080464128435,-8.503494499941663,3.7294559319506804,2.3964891450013965,2444,1164,1280,2.750572565450484,1.5336514749958194
TL_CH_to_ISL_G35_Y2_M4_seed40,5.427174224430691,3.396615180652911,-3.449460157485418,-10.491497307018411,4.868810630669094,2.7214435765054077,2444,1164,1280,2.750572565450484,2.676601658980207
TL_CH_to_ISL_G35_Y2_M4_seed50,4.427576178489002,2.31463912191907,-1.9613645916505544,-4.336426173698761,4.032644225969348,2.0421415177406743,2444,1164,1280,2.750572565450484,1.6770036130385186
TL_CH_to_ISL_G35_Y37_M128_seed10,1.1722580912491054,0.7436647007102725,0.7924100744810183,0.449143774499693,0.10882840825315193,-0.014728889288380741,2444,1164,1280,2.750572565450484,-1.5783144742013784
TL_CH_to_ISL_G35_Y37_M128_seed20,1.2005016697614774,0.7773996879532697,0.7822865139156563,0.3980330454285025,0.009840446341898023,-0.09700781069695949,2444,1164,1280,2.750572565450484,-1.5500708956890064
TL_CH_to_ISL_G35_Y37_M128_seed30,1.2021394053151984,0.767844742134113,0.7816920952073096,0.41273954594841256,-0.01466689573735306,-0.019415420712903142,2444,1164,1280,2.750572565450484,-1.5484331601352854
TL_CH_to_ISL_G35_Y37_M128_seed40,1.1945209408352133,0.7532299962741281,0.7844503458775631,0.4348819998140979,0.0925109549537557,0.02784878315869719,2444,1164,1280,2.750572565450484,-1.5560516246152705
TL_CH_to_ISL_G35_Y37_M128_seed50,1.1870714543761693,0.764073465510854,0.7871304617140102,0.41849404992019656,0.03296805582812561,-0.023973231366835535,2444,1164,1280,2.750572565450484,-1.5635011110743144
TL_CH_to_ISL_G35_Y37_M300_seed10,1.1420011332125857,0.7620838623039284,0.8029879161321332,0.42151852287679226,0.018162892856139087,-0.0712707445723936,2444,1164,1280,2.750572565450484,-1.6085714322378981
TL_CH_to_ISL_G35_Y37_M300_seed20,1.153623835594546,0.7523367846372971,0.7989573332889199,0.4362214862598566,0.11712372303009033,-0.026180164772085845,2444,1164,1280,2.750572565450484,-1.5969487298559377
TL_CH_to_ISL_G35_Y37_M300_seed30,1.142532677411307,0.7623030029602251,0.8028044749807896,0.4211857851210262,0.024039644504740477,-0.06850085593760014,2444,1164,1280,2.750572565450484,-1.6080398880391769
TL_CH_to_ISL_G35_Y37_M300_seed40,1.142070367010631,0.7623711357750395,0.8029640276999952,0.4210823144435675,0.020053127991784478,-0.07016704825218767,2444,1164,1280,2.750572565450484,-1.6085021984398529
TL_CH_to_ISL_G35_Y37_M300_seed50,1.1428313581127565,0.7620245453173188,0.8027013598620402,0.4216085718709227,0.022795911353478318,-0.06727032160852105,2444,1164,1280,2.750572565450484,-1.6077412073377273
TL_CH_to_ISL_G35_Y37_M4_seed10,10.243477742910118,5.690627434741892,-14.85092646705707,-31.255533811498516,-2.8455983516584147,-0.6052284488920122,2444,1164,1280,2.750572565450484,7.492905177459634
TL_CH_to_ISL_G35_Y37_M4_seed20,9.574159894851348,5.37799181289894,-12.847173934758814,-27.808735785485947,-2.1005706428406166,0.40896319462917746,2444,1164,1280,2.750572565450484,6.823587329400865
TL_CH_to_ISL_G35_Y37_M4_seed30,8.460251429239518,5.018137781947497,-9.812505339861213,-24.082400031569428,-1.4306420972154723,0.6762621862581,2444,1164,1280,2.750572565450484,5.709678863789034
TL_CH_to_ISL_G35_Y37_M4_seed40,9.132244285488468,5.338014370731487,-11.598383824465879,-27.38202670360745,-1.4270398217634237,0.28792485350277275,2444,1164,1280,2.750572565450484,6.381671720037985
TL_CH_to_ISL_G35_Y37_M4_seed50,9.281725107305858,5.78634618841973,-12.01419167897805,-32.349763126924714,-1.6367576918036668,0.2427407474257052,2444,1164,1280,2.750572565450484,6.531152541855374
TL_CH_to_ISL_G35_Y3_M16_seed10,1.6479785789544297,1.1038078715567146,0.5897364633189179,-0.21358695823837492,0.23373657011801435,0.2430808819597587,2444,1164,1280,2.750572565450484,-1.1025939864960541
TL_CH_to_ISL_G35_Y3_M16_seed20,1.688004554031776,1.2884714489756501,0.5695655500615513,-0.6536116606739069,0.11897609188282203,0.530320824123919,2444,1164,1280,2.750572565450484,-1.0625680114187077
TL_CH_to_ISL_G35_Y3_M16_seed30,1.5962221520543176,1.2335590808648602,0.6151012841643313,-0.5156671446688288,0.07323524494146563,0.39191313271876427,2444,1164,1280,2.750572565450484,-1.1543504133961662
TL_CH_to_ISL_G35_Y3_M16_seed40,1.7952485965163696,1.1689645818640875,0.5131345158549647,-0.36108934004053617,0.2422379968604681,0.39043643085751684,2444,1164,1280,2.750572565450484,-0.9553239689341142
TL_CH_to_ISL_G35_Y3_M16_seed50,1.6437474480451146,1.1484154917036944,0.5918404352361789,-0.3136570827659513,0.09757538813188724,0.2989174768095836,2444,1164,1280,2.750572565450484,-1.1068251174053692
TL_CH_to_ISL_G35_Y5_M64_seed10,1.3885707205673332,0.917496198499595,0.7087299690568939,0.16152045164504814,-0.2298094772340096,-0.14278289177455009,2444,1164,1280,2.750572565450484,-1.3620018448831506
TL_CH_to_ISL_G35_Y5_M64_seed20,1.4270171887428746,0.9976495007005811,0.6923774246650414,0.008620564116564533,-0.15482625244921425,-0.023297294205985964,2444,1164,1280,2.750572565450484,-1.3235553767076091
TL_CH_to_ISL_G35_Y5_M64_seed30,1.3628505774145943,0.9054857621575182,0.7194202783674766,0.18332891590477052,-0.13698579281363701,-0.01737574168946594,2444,1164,1280,2.750572565450484,-1.3877219880358895
TL_CH_to_ISL_G35_Y5_M64_seed40,1.4156173851029332,0.9921850213317701,0.697272712127142,0.019451093349868165,-0.0813836373926438,-0.05487098277080804,2444,1164,1280,2.750572565450484,-1.3349551803475506
TL_CH_to_ISL_G35_Y5_M64_seed50,1.398041527593453,0.9536376240652178,0.7047431793867538,0.09416169607872538,-0.17644999109695048,-0.14516617509070784,2444,1164,1280,2.750572565450484,-1.3525310378570308
TL_CH_to_ISL_G35_Y8_M64_seed10,1.5052718073336588,0.9010818831705708,0.6577135947832933,0.19125344622899032,-0.3721050153585644,-0.1542417522519827,2444,1164,1280,2.750572565450484,-1.245300758116825
TL_CH_to_ISL_G35_Y8_M64_seed20,1.4565522881719712,0.9201666171369604,0.6795118659238741,0.15663247519240786,-0.4104826856161311,-0.01781675626989454,2444,1164,1280,2.750572565450484,-1.2940202772785125
TL_CH_to_ISL_G35_Y8_M64_seed30,1.4485452108145729,0.9148727570695064,0.6830258074617421,0.16630860691300642,-0.4323828574206002,-0.20490715343039484,2444,1164,1280,2.750572565450484,-1.302027354635911
TL_CH_to_ISL_G35_Y8_M64_seed40,1.4977108132677466,0.9368871033562138,0.6611435741774135,0.12570408637956676,-0.42067512442258626,-0.1833841864252463,2444,1164,1280,2.750572565450484,-1.2528617521827372
TL_CH_to_ISL_G35_Y8_M64_seed50,1.4890223315957316,0.919714826730267,0.6650637008956037,0.15746043789082798,-0.4101017003053242,-0.17231661912519486,2444,1164,1280,2.750572565450484,-1.2615502338547522
TL_CH_to_ISL_G3_Y8_M300_seed10,2.4435097453810175,1.0637392942507569,0.0980386127440368,-0.12707893146443783,-1.3072320165503066,-0.41057876390405,2444,1164,1280,2.750572565450484,-0.3070628200694663
TL_CH_to_ISL_G3_Y8_M300_seed20,2.140137302040306,0.9761351620860893,0.30810041768554886,0.050917771707762904,-0.5993151505736961,0.006367735378444195,2444,1164,1280,2.750572565450484,-0.610435263410178
TL_CH_to_ISL_G3_Y8_M300_seed30,1.6088355614730223,1.406755035836912,0.6089942810425886,-0.9711554904750006,-0.1883010296887139,0.22906312965787948,2444,1164,1280,2.750572565450484,-1.1417370039774615
TL_CH_to_ISL_G3_Y8_M300_seed40,2.0213767994512217,0.8509480594922918,0.38275959369450097,0.27874301590463535,1.144041786872849,0.3485966789070517,2444,1164,1280,2.750572565450484,-0.7291957659992621
TL_CH_to_ISL_G3_Y8_M300_seed50,2.6736446285062,1.1677198762470364,-0.07985926477062755,-0.35819232569054416,-1.693367387574563,-0.622586154518649,2444,1164,1280,2.750572565450484,-0.0769279369442839
TL_CH_to_ISL_G3_Y8_M64_seed10,2.4435097453810175,1.0637392942507569,0.0980386127440368,-0.12707893146443783,-1.3072320165503066,-0.41057876390405,2444,1164,1280,2.750572565450484,-0.3070628200694663
TL_CH_to_ISL_G3_Y8_M64_seed20,2.140137302040306,0.9761351620860893,0.30810041768554886,0.050917771707762904,-0.5993151505736961,0.006367735378444195,2444,1164,1280,2.750572565450484,-0.610435263410178
TL_CH_to_ISL_G3_Y8_M64_seed30,1.6014433513202997,1.3442109814346157,0.612579179559671,-0.7997774457996956,-0.3415113525701962,-0.09638688960112632,2444,1164,1280,2.750572565450484,-1.149129214130184
TL_CH_to_ISL_G3_Y8_M64_seed40,1.8670131146485016,1.1971040637164414,0.473431916196391,-0.4274067205830012,1.1217524658414917,0.6695146986516193,2444,1164,1280,2.750572565450484,-0.8835594508019822
TL_CH_to_ISL_G3_Y8_M64_seed50,2.6736446285062,1.1677198762470364,-0.07985926477062755,-0.35819232569054416,-1.693367387574563,-0.622586154518649,2444,1164,1280,2.750572565450484,-0.0769279369442839
TL_CH_to_ISL_G5_Y13_M8_seed10,2.0350930394025846,0.9398334794167553,0.37435448913864233,0.12019636805666734,-0.38399264503180774,0.07187610941473395,2444,1164,1280,2.750572565450484,-0.7154795260478992
TL_CH_to_ISL_G5_Y13_M8_seed20,2.954461957613549,1.934037115315622,-0.3186107120956545,-2.725748501398369,2.1772742534882012,1.6631966204149649,2444,1164,1280,2.750572565450484,0.20388939216306534
TL_CH_to_ISL_G5_Y13_M8_seed30,6.339588471960976,4.224985395027818,-5.07130329770167,-16.78010621679107,-4.532961937928527,-1.6173367385054007,2444,1164,1280,2.750572565450484,3.5890159065104923
TL_CH_to_ISL_G5_Y13_M8_seed40,2.3106313993165744,0.9426301173195989,0.19346886681333664,0.1149525604051248,-1.364140909408376,-0.2573095640866086,2444,1164,1280,2.750572565450484,-0.43994116613390943
TL_CH_to_ISL_G5_Y13_M8_seed50,2.6470031632019153,1.1582990787105512,-0.058446023329602026,-0.3363657881375304,-1.6519214968705915,-0.6101395945530385,2444,1164,1280,2.750572565450484,-0.10356940224856848
TL_CH_to_ISL_G5_Y37_M4_seed10,4.039265483731159,3.064474522432899,-1.4647029895985249,-8.353969664725707,3.157748013862834,1.7493730938993395,2444,1164,1280,2.750572565450484,1.2886929182806748
TL_CH_to_ISL_G5_Y37_M4_seed20,5.3076640025957555,2.83598562561122,-3.2556572217044764,-7.011096765454603,4.831345633337998,2.5527687010588123,2444,1164,1280,2.750572565450484,2.5570914371452718
TL_CH_to_ISL_G5_Y37_M4_seed30,8.762114584500715,6.161890640858381,-10.597854379441122,-36.81916184693871,-4.334917108678736,0.5938192988280206,2444,1164,1280,2.750572565450484,6.011542019050231
TL_CH_to_ISL_G5_Y37_M4_seed40,2.520084816262647,1.1035372614749768,0.04062121540883501,-0.21299198402594754,-1.4989689951346503,-0.5545358686707914,2444,1164,1280,2.750572565450484,-0.23048774918783677
TL_CH_to_ISL_G5_Y37_M4_seed50,2.709876046035375,1.1756896115993156,-0.10932460811469857,-0.3767950269237599,-1.746901879912799,-0.6357854331843555,2444,1164,1280,2.750572565450484,-0.04069651941510877
TL_CH_to_ISL_G5_Y3_M4_seed10,1.977876449114836,1.0784661912566447,0.40903996251631713,-0.15850255793051615,0.5821811296685865,0.6286151245469227,2444,1164,1280,2.750572565450484,-0.7726961163356478
TL_CH_to_ISL_G5_Y3_M4_seed20,2.063440334248273,1.0117136122568753,0.3568035689328479,-0.019527896880911166,-0.3651373736381121,0.2643936577485874,2444,1164,1280,2.750572565450484,-0.6871322312022108
TL_CH_to_ISL_G5_Y3_M4_seed30,5.078242200499021,2.07507220499909,-2.895709956796592,-3.2889437793210856,4.775169460019705,1.7749043368268758,2444,1164,1280,2.750572565450484,2.3276696350485375
TL_CH_to_ISL_G5_Y3_M4_seed40,2.854322143737904,1.7978487403218204,-0.2307384493203748,-2.2195133280285653,-1.7637973654362344,1.2898896057158709,2444,1164,1280,2.750572565450484,0.10374957828742026
TL_CH_to_ISL_G5_Y3_M4_seed50,2.777277575216394,1.2316463337361447,-0.16519434985962334,-0.5109704254401521,-1.8586661150467765,-0.741132015059702,2444,1164,1280,2.750572565450484,0.02670500976591006
TL_CH_to_ISL_G5_Y8_M64_seed10,1.6857164845430184,0.9541541228125574,0.5707316564490821,0.0931802099518454,0.21868851770650072,-0.4353878432419151,2444,1164,1280,2.750572565450484,-1.0648560809074654
TL_CH_to_ISL_G5_Y8_M64_seed20,2.19731240641841,0.8508234447077535,0.27063753317983563,0.2789542454893392,1.028721027460295,0.1006649557268247,2444,1164,1280,2.750572565450484,-0.5532601590320736
TL_CH_to_ISL_G5_Y8_M64_seed30,1.6582101208032591,1.2094653603292942,0.5846263736952901,-0.45703772336211324,-0.8087925494126847,-0.25667913008946924,2444,1164,1280,2.750572565450484,-1.0923624446472247
TL_CH_to_ISL_G5_Y8_M64_seed40,2.450070341034483,1.0657460813287314,0.09318874643451969,-0.13133550249312442,-1.323089364237597,-0.41652898117899895,2444,1164,1280,2.750572565450484,-0.3005022244160007
TL_CH_to_ISL_G5_Y8_M64_seed50,2.5410743997451912,1.1079144549536657,0.024573485170807485,-0.2226337621263934,-1.4785686704454963,-0.5112689346075058,2444,1164,1280,2.750572565450484,-0.20949816570529256
TL_CH_to_ISL_G8_Y13_M64_seed10,1.556073355847843,0.9768153377646703,0.6342200232467364,0.04959466076503238,-0.7066721342427215,-0.18558611124753951,2444,1164,1280,2.750572565450484,-1.1944992096026408
TL_CH_to_ISL_G8_Y13_M64_seed20,1.5862803724016508,1.0167544964794155,0.6198808966298357,-0.029712845303632607,0.42709308371101457,0.10108034166041761,2444,1164,1280,2.750572565450484,-1.164292193048833
TL_CH_to_ISL_G8_Y13_M64_seed30,1.6284014591599125,1.3732956270870653,0.5994259967301021,-0.8785034688364803,0.19276903608103388,0.22380530347581953,2444,1164,1280,2.750572565450484,-1.1221711062905713
TL_CH_to_ISL_G8_Y13_M64_seed40,2.01780986654847,1.3960057509607753,0.38493604351646304,-0.9411466280588283,-0.6442403516818568,-0.20794810641091316,2444,1164,1280,2.750572565450484,-0.7327626989020137
TL_CH_to_ISL_G8_Y13_M64_seed50,2.148657357172087,1.0758941262107573,0.3025804383310323,-0.15298325520144518,1.164493305090162,0.6779988647205755,2444,1164,1280,2.750572565450484,-0.6019152082783967
TL_CH_to_ISL_G8_Y1_M64_seed10,1.980506219063172,0.9189349786842056,0.40746744558732206,0.15888865073855263,-0.5100759437301314,0.02548879603855312,2444,1164,1280,2.750572565450484,-0.7700663463873119
TL_CH_to_ISL_G8_Y1_M64_seed20,1.9741958441204275,1.1705770202940167,0.41123733603518664,-0.3648468300944303,0.6313354668441097,0.7280716829001903,2444,1164,1280,2.750572565450484,-0.7763767213300563
TL_CH_to_ISL_G8_Y1_M64_seed30,2.289549935486407,1.1986241073389672,0.2081187954828606,-0.4310339708250841,1.0955718955684364,0.7447292142547667,2444,1164,1280,2.750572565450484,-0.4610226299640767
TL_CH_to_ISL_G8_Y1_M64_seed40,2.237328411812302,1.2737159538461544,0.2438303008640117,-0.6159544103103154,1.0171164455231523,0.8578957680147141,2444,1164,1280,2.750572565450484,-0.513244153638182
TL_CH_to_ISL_G8_Y1_M64_seed50,1.7771342264450904,1.1072898509055176,0.5229100618506755,-0.22125559302563946,0.699957929525998,0.6997816445538774,2444,1164,1280,2.750572565450484,-0.9734383390053933
TL_CH_to_ISL_G8_Y21_M300_seed10,1.4861407296537814,0.8422520222749672,0.6663588046324047,0.2934090806393451,-0.6029099090300065,-0.1927738380152732,2444,1164,1280,2.750572565450484,-1.2644318357967024
TL_CH_to_ISL_G8_Y21_M300_seed20,1.4265710745300928,0.8136446752961413,0.6925697325824725,0.3405930801422,0.19377892697390003,-0.016257777670398356,2444,1164,1280,2.750572565450484,-1.324001490920391
TL_CH_to_ISL_G8_Y21_M300_seed30,1.2831286551307726,0.9015411453818464,0.7512860168951649,0.19042883441129566,0.1514093181777656,-0.01649544187821448,2444,1164,1280,2.750572565450484,-1.4674439103197112
TL_CH_to_ISL_G8_Y21_M300_seed40,1.390854354048262,0.9446882975966276,0.7077711400414969,0.11108343757973749,-0.14981528269159017,-0.32568100446369497,2444,1164,1280,2.750572565450484,-1.3597182114022217
TL_CH_to_ISL_G8_Y21_M300_seed50,1.994822758273456,1.0593952459830445,0.3988699706898813,-0.11789230443025844,1.2028009693339927,0.5996537905652076,2444,1164,1280,2.750572565450484,-0.7557498071770279
TL_CH_to_ISL_G8_Y21_M64_seed10,1.5733346151377634,0.9503574399447662,0.6260599425090423,0.1003825208325847,-0.7314874311953885,-0.3594100095331669,2444,1164,1280,2.750572565450484,-1.1772379503127204
TL_CH_to_ISL_G8_Y21_M64_seed20,1.4246325703856075,0.8774531198363693,0.693404671618964,0.23311230043850073,0.1961528637104018,0.0055144812213256955,2444,1164,1280,2.750572565450484,-1.3259399950648763
TL_CH_to_ISL_G8_Y21_M64_seed30,1.7170409809980585,1.238976280352239,0.5546298393612098,-0.5290085404247742,-0.1354278397980015,-0.010234240489080549,2444,1164,1280,2.750572565450484,-1.0335315844524253
TL_CH_to_ISL_G8_Y21_M64_seed40,2.1057977192462536,1.4502173610884608,0.3301260382306658,-1.0948364736685314,-0.7717693597334357,-0.27750602955929937,2444,1164,1280,2.750572565450484,-0.6447748462042302
TL_CH_to_ISL_G8_Y21_M64_seed50,1.9893144691917979,1.0808907736340005,0.4021851788910653,-0.16371744986391779,1.1730584096662777,0.6524834718555212,2444,1164,1280,2.750572565450484,-0.7612580962586859
TL_CH_to_ISL_G8_Y2_M64_seed10,1.7719398306126375,1.21248920386959,0.5256949637290926,-0.4643324535762907,-0.6659760734776861,-0.12839693897403776,2444,1164,1280,2.750572565450484,-0.9786327348378463
TL_CH_to_ISL_G8_Y2_M64_seed20,2.444325981413451,1.0639356158926225,0.09743592527876044,-0.12749499281727306,-1.3115096285785597,-0.4132723104674369,2444,1164,1280,2.750572565450484,-0.30624658403703275
TL_CH_to_ISL_G8_Y2_M64_seed30,2.0837945731816627,1.1576855024278205,0.3440517159041482,-0.3349503589245564,0.703560025805665,0.6883954310324043,2444,1164,1280,2.750572565450484,-0.6667779922688211
TL_CH_to_ISL_G8_Y2_M64_seed40,1.8451867898795025,0.9219405245978584,0.48567164410057506,0.15337763422489414,0.8381508992043967,0.26869954545982183,2444,1164,1280,2.750572565450484,-0.9053857755709813
TL_CH_to_ISL_G8_Y2_M64_seed50,2.27415423401688,1.0000485580925007,0.21873273872541477,0.003846871924568007,-0.9661245223941263,-0.20677997653838248,2444,1164,1280,2.750572565450484,-0.4764183314336039
TL_CH_to_ISL_G8_Y37_M64_seed10,1.452218117733438,0.8897205153718918,0.6814163406942035,0.2115191744351934,-0.5910216687676013,-0.03122165841050446,2444,1164,1280,2.750572565450484,-1.298354447717046
TL_CH_to_ISL_G8_Y37_M64_seed20,1.3174390433555045,0.8236437853569158,0.7378071435937984,0.32428621510675426,0.09181762901470833,0.028493644623085856,2444,1164,1280,2.750572565450484,-1.4331335220949792
TL_CH_to_ISL_G8_Y37_M64_seed30,1.9874769135600283,1.3097907440391174,0.4032890874491293,-0.7087863303037454,-0.22582548544374118,0.019281699554994702,2444,1164,1280,2.750572565450484,-0.7630956518904555
TL_CH_to_ISL_G8_Y37_M64_seed40,2.0444680116667358,1.3450702287522374,0.36857694564817667,-0.8020790907446846,-0.42466567904781233,-0.043119277153164146,2444,1164,1280,2.750572565450484,-0.706104553783748
TL_CH_to_ISL_G8_Y37_M64_seed50,1.9853766209209371,1.1049177603638396,0.40454958544554653,-0.2160287305787214,1.2673990367511703,0.6751580577809364,2444,1164,1280,2.750572565450484,-0.7651959445295466
TL_CH_to_ISL_G8_Y37_M8_seed10,5.63918550704821,3.5587036181340035,-3.8038845078734917,-11.614428131899032,-4.086261302488776,-0.8407632981892675,2444,1164,1280,2.750572565450484,2.888612941597726
TL_CH_to_ISL_G8_Y37_M8_seed20,3.6456676668257733,3.2242595094069904,-1.007769941464681,-9.354852234713178,-0.08076039581364373,-0.24940403462387623,2444,1164,1280,2.750572565450484,0.8950951013752895
TL_CH_to_ISL_G8_Y37_M8_seed30,7.961160097652474,5.232845278950134,-8.574420782281047,-26.274683212598998,-2.6626854501024555,0.5177059384761378,2444,1164,1280,2.750572565450484,5.21058753220199
TL_CH_to_ISL_G8_Y37_M8_seed40,4.903014518318106,3.531277064204779,-2.631500877777022,-11.420741243569656,-1.3017388925570803,-0.36977374714333566,2444,1164,1280,2.750572565450484,2.1524419528676226
TL_CH_to_ISL_G8_Y37_M8_seed50,4.281295360798714,2.098516479068249,-1.7689185162580383,-3.3864046670806287,3.823695964855222,1.824389730184339,2444,1164,1280,2.750572565450484,1.5307227953482299
TL_CH_to_ISL_G8_Y3_M128_seed10,2.01788794721493,1.3030912831882007,0.3848884418731092,-0.6913504619120245,-1.0496263282815206,-0.4385128377238289,2444,1164,1280,2.750572565450484,-0.7326846182355538
TL_CH_to_ISL_G8_Y3_M128_seed20,1.659223046186517,0.8280858294789372,0.5841187528689599,0.31697809374817065,0.3739258418839002,-0.16512945934664458,2444,1164,1280,2.750572565450484,-1.0913495192639668
TL_CH_to_ISL_G8_Y3_M128_seed30,1.939867457070726,0.8813223299944193,0.43153476537979396,0.22633406513441423,0.9291357479451858,0.24227610293310137,2444,1164,1280,2.750572565450484,-0.8107051083797578
TL_CH_to_ISL_G8_Y3_M128_seed40,1.8034325309263777,0.8125215127490825,0.5086854861913614,0.34241232630215235,0.684164496093886,0.004385725641623139,2444,1164,1280,2.750572565450484,-0.9471400345241061
TL_CH_to_ISL_G8_Y3_M128_seed50,2.3537479703547284,1.0272939238409393,0.16308815983692804,-0.05117098762354266,-1.1355554001642667,-0.3091500653652474,2444,1164,1280,2.750572565450484,-0.3968245950957554
TL_CH_to_ISL_G8_Y3_M64_seed10,2.2434706688188677,0.986537341125948,0.2396726956357843,0.03058221390196081,-1.5167226537140375,-0.32220944499131293,2444,1164,1280,2.750572565450484,-0.5071018966316161
TL_CH_to_ISL_G8_Y3_M64_seed20,1.6525885061738692,0.8234745691306754,0.5874379743264193,0.3245638350999417,0.46554441150930737,-0.06985968521330506,2444,1164,1280,2.750572565450484,-1.0979840592766146
TL_CH_to_ISL_G8_Y3_M64_seed30,1.8158823540553113,0.8771299270759904,0.5018785865823354,0.23367713268102308,0.6207329530998603,0.2196012336295098,2444,1164,1280,2.750572565450484,-0.9346902113951725
TL_CH_to_ISL_G8_Y3_M64_seed40,1.8517221159944781,0.8745632185885239,0.4820218714850951,0.23815548754842475,0.7486720696040445,0.12719686001073569,2444,1164,1280,2.750572565450484,-0.8988504494560057
TL_CH_to_ISL_G8_Y3_M64_seed50,2.4435174199889245,1.0636183360335048,0.09803294695049691,-0.12682262485256235,-1.3076109264263582,-0.41035444508306684,2444,1164,1280,2.750572565450484,-0.3070551454615593
TL_CH_to_ISL_G8_Y5_M32_seed10,2.461975818608933,1.263682269925764,0.08435450924053856,-0.5905953606369618,-1.79416048816082,-0.42133840641472486,2444,1164,1280,2.750572565450484,-0.2885967468415509
TL_CH_to_ISL_G8_Y5_M32_seed20,2.3647988878444792,1.0295797344503836,0.15521105902690013,-0.05585406989588071,-1.170393270161963,-0.32814528071321547,2444,1164,1280,2.750572565450484,-0.38577367760600456
TL_CH_to_ISL_G8_Y5_M32_seed30,1.9377188826670613,1.7363044072256815,0.4327933188438501,-2.0028639921216675,0.36516201716313246,0.22770206835120915,2444,1164,1280,2.750572565450484,-0.8128536827834225
TL_CH_to_ISL_G8_Y5_M32_seed40,1.5789936315645903,1.2326995202951245,0.6233651074849977,-0.5135556060686455,0.3045767353930834,-0.14812550819478928,2444,1164,1280,2.750572565450484,-1.1715789338858935
TL_CH_to_ISL_G8_Y5_M32_seed50,2.044832795036938,1.1116831832766738,0.3683516027453009,-0.23096583409625815,0.2789175669147387,0.5451842013280839,2444,1164,1280,2.750572565450484,-0.7057397704135457
TL_CH_to_ISL_G8_Y5_M64_seed10,1.872129381561077,1.052059228433533,0.4705420016274843,-0.10246372251774605,-0.9953890768779102,-0.22146163363941013,2444,1164,1280,2.750572565450484,-0.8784431838894067
TL_CH_to_ISL_G8_Y5_M64_seed20,2.3911715726697467,1.042735958623482,0.13626349914992952,-0.08301040178959562,-1.2343377492476983,-0.3842389962868765,2444,1164,1280,2.750572565450484,-0.3594009927807371
TL_CH_to_ISL_G8_Y5_M64_seed30,1.673462834434643,1.4082699321529597,0.5769497672738964,-0.9754031440290818,0.20759127155919255,-0.05198847765568644,2444,1164,1280,2.750572565450484,-1.0771097310158408
TL_CH_to_ISL_G8_Y5_M64_seed40,1.6261273648590597,1.0500725026408855,0.6005440342729191,-0.09830383310992796,0.5976862078116522,0.06301005268469453,2444,1164,1280,2.750572565450484,-1.124445200591424
TL_CH_to_ISL_G8_Y5_M64_seed50,2.040576888792519,1.074666921503804,0.3709781635617161,-0.1503544844457001,0.13680770947146662,0.4563737988704816,2444,1164,1280,2.750572565450484,-0.7099956766579649
TL_CH_to_ISL_G8_Y8_M128_seed10,1.671359348214693,1.0190556511360573,0.5780126185566796,-0.034379084631726675,-0.7148885005937818,-0.35084861104842274,2444,1164,1280,2.750572565450484,-1.079213217235791
TL_CH_to_ISL_G8_Y8_M128_seed20,1.55948050180701,0.8907043779051643,0.632616461096024,0.20977438908035595,0.25095223530461286,0.07450123222079127,2444,1164,1280,2.750572565450484,-1.1910920636434739
TL_CH_to_ISL_G8_Y8_M128_seed30,1.4605873543323826,1.1194302409408416,0.6777337188717614,-0.24818223491187252,-0.3557204758025117,-0.24730324423871936,2444,1164,1280,2.750572565450484,-1.2899852111181012
TL_CH_to_ISL_G8_Y8_M128_seed40,1.4936841456893888,1.0408890576295626,0.6629631884319058,-0.07917732866007343,-0.056399554603083435,0.041253776359371844,2444,1164,1280,2.750572565450484,-1.256888419761095
TL_CH_to_ISL_G8_Y8_M128_seed50,1.7307764108066568,1.023673724856332,0.547475882698726,-0.04377535755874695,0.7954594142914228,0.5242613224545494,2444,1164,1280,2.750572565450484,-1.019796154643827
TL_CH_to_ISL_G8_Y8_M16_seed10,3.496100898626391,1.549351163176467,-0.8464081610628686,-1.3910224403782747,-2.9713916343051134,-0.39306588037870827,2444,1164,1280,2.750572565450484,0.745528333175907
TL_CH_to_ISL_G8_Y8_M16_seed20,1.7790505540713224,1.5097358549529645,0.5218805914258278,-1.2703136779497788,0.3441096811564927,0.022283831145614386,2444,1164,1280,2.750572565450484,-0.9715220113791614
TL_CH_to_ISL_G8_Y8_M16_seed30,2.9017228585629695,2.818528080715584,-0.2719547364466526,-6.912772127542901,-0.5764332548859193,0.35597838286776096,2444,1164,1280,2.750572565450484,0.15115029311248573
TL_CH_to_ISL_G8_Y8_M16_seed40,2.335793680354222,2.138751845572979,0.17580731976667963,-3.5562203731774957,-0.8457517036816099,-0.4448270222404972,2444,1164,1280,2.750572565450484,-0.4147788850962617
TL_CH_to_ISL_G8_Y8_M16_seed50,2.5150751877248476,1.489425643645246,0.04443168583304957,-1.2096402935101804,1.7831949177886202,1.2201234930427745,2444,1164,1280,2.750572565450484,-0.23549737772563617
TL_CH_to_ISL_G8_Y8_M200_seed10,1.811877978130244,0.9994094689431464,0.5040730746530437,0.005119664586692552,-0.8410763844233198,-0.3526003828737885,2444,1164,1280,2.750572565450484,-0.9386945873202397
TL_CH_to_ISL_G8_Y8_M200_seed20,1.55948050180701,0.8907043779051643,0.632616461096024,0.20977438908035595,0.25095223530461286,0.07450123222079127,2444,1164,1280,2.750572565450484,-1.1910920636434739
TL_CH_to_ISL_G8_Y8_M200_seed30,1.3772926171787379,1.047905486869338,0.713442200189103,-0.09377541074360929,-0.040516206770623266,-0.0718060370767489,2444,1164,1280,2.750572565450484,-1.373279948271746
TL_CH_to_ISL_G8_Y8_M200_seed40,1.5315810246265555,0.987024239482389,0.6456440339200088,0.029625079518658004,0.1830419794083461,-0.10795907119754702,2444,1164,1280,2.750572565450484,-1.2189915408239282
TL_CH_to_ISL_G8_Y8_M200_seed50,1.7307764108066568,1.023673724856332,0.547475882698726,-0.04377535755874695,0.7954594142914228,0.5242613224545494,2444,1164,1280,2.750572565450484,-1.019796154643827
TL_CH_to_ISL_G8_Y8_M300_seed10,1.802003599498057,0.999993689592098,0.5094637538614467,0.003956178474642913,-0.8241703232487863,-0.3531941603170708,2444,1164,1280,2.750572565450484,-0.9485689659524268
TL_CH_to_ISL_G8_Y8_M300_seed20,1.55948050180701,0.8907043779051643,0.632616461096024,0.20977438908035595,0.25095223530461286,0.07450123222079127,2444,1164,1280,2.750572565450484,-1.1910920636434739
TL_CH_to_ISL_G8_Y8_M300_seed30,1.3716914311623596,1.0390693104566382,0.7157682125088896,-0.07540725684775507,-0.028824776871917174,-0.08110614991746842,2444,1164,1280,2.750572565450484,-1.3788811342881242
TL_CH_to_ISL_G8_Y8_M300_seed40,1.5447310097568625,0.993191283851454,0.6395329894912323,0.017461162164000288,0.15032538397820136,-0.12745903187897056,2444,1164,1280,2.750572565450484,-1.2058415556936213
TL_CH_to_ISL_G8_Y8_M300_seed50,1.7307764108066568,1.023673724856332,0.547475882698726,-0.04377535755874695,0.7954594142914228,0.5242613224545494,2444,1164,1280,2.750572565450484,-1.019796154643827
TL_CH_to_ISL_G8_Y8_M32_seed10,2.1963982052615156,1.626217031268864,0.27124431562902707,-1.6341526401179811,-1.3764925682053124,-0.08998279066290707,2444,1164,1280,2.750572565450484,-0.5541743601889682
TL_CH_to_ISL_G8_Y8_M32_seed20,1.5514310597148393,1.1667237624548359,0.6363992598765247,-0.35587612453735895,0.06914728608532869,-0.009128681966103613,2444,1164,1280,2.750572565450484,-1.1991415057356445
TL_CH_to_ISL_G8_Y8_M32_seed30,1.8649416507502763,1.8299328059559548,0.47459972981310516,-2.335448297091768,0.026463803633586646,-0.08808025838807225,2444,1164,1280,2.750572565450484,-0.8856309147002075
TL_CH_to_ISL_G8_Y8_M32_seed40,1.8557510374480513,1.7771262693428802,0.47976541683001805,-2.145723163714687,-0.29058567483195735,-0.2126392049714923,2444,1164,1280,2.750572565450484,-0.8948215280024325
TL_CH_to_ISL_G8_Y8_M32_seed50,2.1986162885480725,1.2182128583669056,0.26977167100603516,-0.4781900869322886,1.215803521426068,0.8705638804938645,2444,1164,1280,2.750572565450484,-0.5519562769024113
TL_CH_to_ISL_G8_Y8_M4_seed10,7.409155453067552,2.6118507461038836,-7.292723951308943,-5.794861959192464,-6.941015352216578,-1.3578384681837634,2444,1164,1280,2.750572565450484,4.658582887617068
TL_CH_to_ISL_G8_Y8_M4_seed20,5.66776389338773,2.666777706715713,-3.8526983448776697,-6.083657570631226,4.842478561314316,1.0042532028164715,2444,1164,1280,2.750572565450484,2.917191327937246
TL_CH_to_ISL_G8_Y8_M4_seed30,2.0128839798778557,1.303359926826785,0.38793537193991523,-0.6920479071091463,0.2412405113123127,0.8409992299741134,2444,1164,1280,2.750572565450484,-0.7376885855726281
TL_CH_to_ISL_G8_Y8_M4_seed40,4.748000945862301,3.651222130854739,-2.405503951912938,-12.278849149321648,4.365711237940796,3.4723301937570796,2444,1164,1280,2.750572565450484,1.997428380411817
TL_CH_to_ISL_G8_Y8_M4_seed50,6.887251692913412,4.987245571928738,-6.165585855238305,-23.77453055102175,6.623497788797539,4.834568164939992,2444,1164,1280,2.750572565450484,4.136679127462928
TL_CH_to_ISL_G8_Y8_M64_seed10,1.7082150538715597,1.1474344670256447,0.5591966517699678,-0.31141367942912934,-0.6844991672131204,-0.4028972513508052,2444,1164,1280,2.750572565450484,-1.042357511578924
TL_CH_to_ISL_G8_Y8_M64_seed20,1.6019598765577971,1.0500908664731892,0.6123292239143218,-0.09834224806455016,0.0987795644865413,-0.18464586064219474,2444,1164,1280,2.750572565450484,-1.1486126888926866
TL_CH_to_ISL_G8_Y8_M64_seed30,1.7301894722406677,1.4846561729264371,0.5477827493964869,-1.195511436638716,-0.16328526116728373,0.11940180624369531,2444,1164,1280,2.750572565450484,-1.0203830932098161
TL_CH_to_ISL_G8_Y8_M64_seed40,1.6358131345268754,1.434381606719536,0.5957712701988827,-1.0493368161647694,-0.25107830655329005,-0.04858616939745843,2444,1164,1280,2.750572565450484,-1.1147594309236084
TL_CH_to_ISL_G8_Y8_M64_seed50,2.0371592974387562,1.2048661188665475,0.37308339114899947,-0.4459774201040343,1.1596424198130153,0.8692076545907185,2444,1164,1280,2.750572565450484,-0.7134132680117276
TL_CH_to_ISL_G8_Y8_M8_seed10,5.320958829100123,1.4820093840729303,-3.277003367193836,-1.1876902650577912,-4.940401675288415,-0.5723522302461788,2444,1164,1280,2.750572565450484,2.570386263649639
TL_CH_to_ISL_G8_Y8_M8_seed20,2.7144589365599296,1.1524684410297878,-0.11307991799392925,-0.32294567316758505,1.9388288088475716,0.34703203726094217,2444,1164,1280,2.750572565450484,-0.03611362889055414
TL_CH_to_ISL_G8_Y8_M8_seed30,1.8374506530453216,1.4550186698210206,0.48997535313962126,-1.108730399669125,-0.4445203392673604,1.0311076663434506,2444,1164,1280,2.750572565450484,-0.9131219124051622
TL_CH_to_ISL_G8_Y8_M8_seed40,2.103276882320997,1.4406823716681787,0.33172888191390826,-1.0673804796519906,0.6881181086666396,1.0504902261542157,2444,1164,1280,2.750572565450484,-0.6472956831294869
TL_CH_to_ISL_G8_Y8_M8_seed50,3.7318260392253553,2.2346870100916174,-1.1037909203034055,-3.974132343424076,3.266604474192018,2.0280815887497736,2444,1164,1280,2.750572565450484,0.9812534737748715
