exp_key,RMSE_annual,RMSE_winter,R2_annual,R2_winter,Bias_annual,Bias_winter,n_preds,n_annual,n_winter,E_ZERO_RMSE_annual,Delta_vs_ZERO_annual,E_ZERO_RMSE_winter,Delta_vs_ZERO_winter
TL_CH_to_ISL_G10_Y10_seed1,1.195876389894617,0.7781574042004793,0.7839608905154241,0.39685902276161134,-0.0851243467828662,-0.12338808504864573,2444,1164,1280,2.750572565450484,-1.5546961755558668,1.2140721489408826,-0.43591474474040326
TL_CH_to_ISL_G10_Y10_seed10,1.413724982840217,0.8500688545967706,0.6980815449309532,0.2802326604706933,0.023025327403725628,0.05707840325776488,2444,1164,1280,2.750572565450484,-1.3368475826102668,1.2140721489408826,-0.36400329434411194
TL_CH_to_ISL_G10_Y10_seed11,1.6417062286434536,0.7941354851664897,0.5928535177768457,0.37183587185965983,-0.2990735052889565,-0.08846345280762762,2444,1164,1280,2.750572565450484,-1.1088663368070302,1.2140721489408826,-0.41993666377439287
TL_CH_to_ISL_G10_Y10_seed12,1.5369041354272617,0.8928890498209752,0.6431765784235539,0.20589318913821986,-0.6801210687947028,-0.20725330067798495,2444,1164,1280,2.750572565450484,-1.2136684300232221,1.2140721489408826,-0.3211830991199074
TL_CH_to_ISL_G10_Y10_seed13,1.474354085120148,0.870780370358067,0.6716300627868509,0.24473182030012564,-0.5582712905359841,-0.21322668087668717,2444,1164,1280,2.750572565450484,-1.2762184803303358,1.2140721489408826,-0.34329177858281557
TL_CH_to_ISL_G10_Y10_seed14,1.4368458461650244,0.7743587524677492,0.6881252975713349,0.40273323365062763,-0.4744227605126158,-0.19057123854290695,2444,1164,1280,2.750572565450484,-1.3137267192854594,1.2140721489408826,-0.43971339647313334
TL_CH_to_ISL_G10_Y10_seed15,1.1918795734659904,0.7320823161364055,0.785402554121881,0.4661690372034927,-0.14904681710955203,-0.07929226798005402,2444,1164,1280,2.750572565450484,-1.5586929919844934,1.2140721489408826,-0.48198983280447705
TL_CH_to_ISL_G10_Y10_seed16,1.3681307942904453,0.8630786439508392,0.7172419151579175,0.2580328662753756,-0.364691112638544,-0.10044974633492529,2444,1164,1280,2.750572565450484,-1.3824417711600385,1.2140721489408826,-0.35099350499004334
TL_CH_to_ISL_G10_Y10_seed17,1.2091347887885326,0.7946363126751216,0.77914398668765,0.3710433091692763,0.021764178097862557,-0.1401721608126536,2444,1164,1280,2.750572565450484,-1.5414377766619511,1.2140721489408826,-0.419435836265761
TL_CH_to_ISL_G10_Y10_seed18,1.2707536330160045,0.7329696086262925,0.7560602833641312,0.46487423404531947,-0.11569170938017442,-0.166073349211365,2444,1164,1280,2.750572565450484,-1.4798189324344793,1.2140721489408826,-0.4811025403145901
TL_CH_to_ISL_G10_Y10_seed19,1.2694611094354875,0.7280261206529847,0.7565562685466314,0.4720681664930425,-0.34667214459365175,-0.24811278071720153,2444,1164,1280,2.750572565450484,-1.4811114560149963,1.2140721489408826,-0.4860460282878979
TL_CH_to_ISL_G10_Y10_seed2,1.3058976019295565,0.8250174013854917,0.742380908867142,0.3220305184766108,0.029840089636774817,-0.018375277891755103,2444,1164,1280,2.750572565450484,-1.4446749635209273,1.2140721489408826,-0.3890547475553908
TL_CH_to_ISL_G10_Y10_seed20,1.2861134300619632,0.719664753071302,0.7501275692508469,0.48412510594401725,0.10666713950662679,-0.06914403915870934,2444,1164,1280,2.750572565450484,-1.4644591353885206,1.2140721489408826,-0.4944073958695806
TL_CH_to_ISL_G10_Y10_seed3,1.392028878596836,0.816304646061246,0.7072773789352129,0.3362745605725185,0.015466545071593675,0.03806115984916687,2444,1164,1280,2.750572565450484,-1.3585436868536478,1.2140721489408826,-0.3977675028796366
TL_CH_to_ISL_G10_Y10_seed4,1.1276362622509848,0.7347699836237404,0.8079130495827982,0.4622421732911003,0.2222429650653269,0.0417817956302315,2444,1164,1280,2.750572565450484,-1.622936303199499,1.2140721489408826,-0.4793021653171422
TL_CH_to_ISL_G10_Y10_seed5,1.4002467899407847,0.756268350796184,0.7038109720497885,0.4303136956115572,0.0481532189444578,0.04419331888202578,2444,1164,1280,2.750572565450484,-1.3503257755096991,1.2140721489408826,-0.4578037981446985
TL_CH_to_ISL_G10_Y10_seed6,1.536344436423775,0.8223001133633162,0.6434364220191331,0.32648910210983295,-0.6823963156782884,-0.3456612971844152,2444,1164,1280,2.750572565450484,-1.2142281290267087,1.2140721489408826,-0.39177203557756635
TL_CH_to_ISL_G10_Y10_seed7,1.2378726686854105,0.7833031973760287,0.7685209223116605,0.38885575615601453,-0.4453957606734279,-0.23708123438991607,2444,1164,1280,2.750572565450484,-1.5126998967650733,1.2140721489408826,-0.43076895156485384
TL_CH_to_ISL_G10_Y10_seed8,1.2789518850188846,0.7947358795287531,0.752902581797013,0.37088568445195313,-0.21419925421886019,-0.07723496609833091,2444,1164,1280,2.750572565450484,-1.4716206804315992,1.2140721489408826,-0.4193362694121294
TL_CH_to_ISL_G10_Y10_seed9,1.3545002912159485,0.82282796332132,0.7228480104914454,0.32562414587659927,-0.19498681220709255,-0.09988110051490366,2444,1164,1280,2.750572565450484,-1.3960722742345353,1.2140721489408826,-0.39124418561956253
TL_CH_to_ISL_G10_Y1_seed1,1.9204535326774592,0.9382034186288154,0.44285607185423614,0.12324560974051113,-0.3866309719448237,0.08853919405955821,2444,1164,1280,2.750572565450484,-0.8301190327730246,1.2140721489408826,-0.27586873031206716
TL_CH_to_ISL_G10_Y1_seed10,1.751548097825495,0.8683054414645424,0.5365488861833084,0.24901896028909032,-0.7591777819999305,-0.33008768025320023,2444,1164,1280,2.750572565450484,-0.9990244676249889,1.2140721489408826,-0.3457667074763402
TL_CH_to_ISL_G10_Y1_seed11,1.5521755502720918,0.9486450226905968,0.6360502114722624,0.10362158125897925,-0.08454310320496969,0.14199788183905185,2444,1164,1280,2.750572565450484,-1.198397015178392,1.2140721489408826,-0.26542712625028575
TL_CH_to_ISL_G10_Y1_seed12,1.4437122149277157,0.8002956503572521,0.6851374148131965,0.3620526466311318,0.4378485953582521,-0.1513139300979674,2444,1164,1280,2.750572565450484,-1.306860350522768,1.2140721489408826,-0.4137764985836304
TL_CH_to_ISL_G10_Y1_seed13,1.7385584136697816,0.8881255468883206,0.5433974115283283,0.21434360034652167,0.452432818019513,0.18690955638885498,2444,1164,1280,2.750572565450484,-1.0120141517807022,1.2140721489408826,-0.325946602052562
TL_CH_to_ISL_G10_Y1_seed14,1.9773826632926748,0.9839485240156677,0.4093349973882352,0.03566332418623808,-0.6035480340526685,-0.10062091301660984,2444,1164,1280,2.750572565450484,-0.773189902157809,1.2140721489408826,-0.23012362492521488
TL_CH_to_ISL_G10_Y1_seed15,2.00923965919334,0.9082753097818379,0.39014964816797904,0.17828929598489995,0.19859944109859334,0.016921597928740085,2444,1164,1280,2.750572565450484,-0.7413329062571439,1.2140721489408826,-0.30579683915904465
TL_CH_to_ISL_G10_Y1_seed16,1.9930670726651596,1.0716554225518533,0.39992763949673926,-0.14391632704455182,0.29512411207472744,0.390594621328637,2444,1164,1280,2.750572565450484,-0.7575054927853242,1.2140721489408826,-0.14241672638902925
TL_CH_to_ISL_G10_Y1_seed17,1.7202592454602799,0.9538995411086267,0.5529587526284736,0.0936640498755702,-0.5733990331286007,-0.29270741019863633,2444,1164,1280,2.750572565450484,-1.030313319990204,1.2140721489408826,-0.2601726078322558
TL_CH_to_ISL_G10_Y1_seed18,2.3898676052260135,0.9912236147138906,0.13720527781109304,0.021350435622550012,-0.3120889787360565,-0.1339382631937042,2444,1164,1280,2.750572565450484,-0.3607049602244703,1.2140721489408826,-0.2228485342269919
TL_CH_to_ISL_G10_Y1_seed19,2.3833552555948234,1.0052415411215314,0.1419010737469425,-0.006525499019202963,-0.21306582893600168,-0.05124842270743102,2444,1164,1280,2.750572565450484,-0.36721730985566037,1.2140721489408826,-0.20883060781935114
TL_CH_to_ISL_G10_Y1_seed2,1.848069647733092,0.9859002641193102,0.4840632499408446,0.031833853031260295,-0.3863145607392403,0.27037482233718035,2444,1164,1280,2.750572565450484,-0.9025029177173918,1.2140721489408826,-0.22817188482157236
TL_CH_to_ISL_G10_Y1_seed20,1.6787634877179551,0.9315084985823688,0.57426551997494,0.13571381714648834,-0.24319982247049457,-0.12964515259955078,2444,1164,1280,2.750572565450484,-1.0718090777325286,1.2140721489408826,-0.2825636503585137
TL_CH_to_ISL_G10_Y1_seed3,1.4058988793607627,0.8398168862564753,0.7014150149870252,0.29748899394531403,-0.05959806701366844,-0.19529457387980073,2444,1164,1280,2.750572565450484,-1.344673686089721,1.2140721489408826,-0.37425526268440723
TL_CH_to_ISL_G10_Y1_seed4,1.582711608412042,0.887159365984219,0.6215893328224743,0.216052082470233,0.37407620781168494,0.21594441141933202,2444,1164,1280,2.750572565450484,-1.1678609570384417,1.2140721489408826,-0.3269127829566636
TL_CH_to_ISL_G10_Y1_seed5,1.538329124275382,0.9643555976908131,0.6425145916327858,0.07368576405565175,0.24154734506537415,0.10974845914170146,2444,1164,1280,2.750572565450484,-1.2122434411751017,1.2140721489408826,-0.24971655125006942
TL_CH_to_ISL_G10_Y1_seed6,2.1954302938053885,1.1312427261701499,0.27188647200309224,-0.2746634311812779,0.5755472468961146,0.4341290747979656,2444,1164,1280,2.750572565450484,-0.5551422716450953,1.2140721489408826,-0.08282942277073269
TL_CH_to_ISL_G10_Y1_seed7,1.9404956878373418,0.9150574035313246,0.431166508077352,0.16597204928951603,-0.5758893757904928,-0.07183162067085505,2444,1164,1280,2.750572565450484,-0.810076877613142,1.2140721489408826,-0.29901474540955797
TL_CH_to_ISL_G10_Y1_seed8,1.6750104961215213,0.9277705090835541,0.5761669098563974,0.1426363746170184,0.08141598725032151,0.12233623063657433,2444,1164,1280,2.750572565450484,-1.0755620693289625,1.2140721489408826,-0.2863016398573285
TL_CH_to_ISL_G10_Y1_seed9,1.9674586212406997,1.0628580352458665,0.41524895116134763,-0.12521223906594448,-0.45608263122257087,-0.05724548171274364,2444,1164,1280,2.750572565450484,-0.7831139442097841,1.2140721489408826,-0.15121411369501603
TL_CH_to_ISL_G10_Y20_seed1,1.1596052683244458,0.7778787769408543,0.7968671533962363,0.39729086709146444,-0.2032703832559979,-0.2548832334578037,2444,1164,1280,2.750572565450484,-1.590967297126038,1.2140721489408826,-0.4361933720000283
TL_CH_to_ISL_G10_Y20_seed10,1.1154834598887053,0.7437726503478103,0.8120310717868149,0.4489838393952239,-0.22074235243485965,-0.2335912865353748,2444,1164,1280,2.750572565450484,-1.6350891055617784,1.2140721489408826,-0.4702994985930723
TL_CH_to_ISL_G10_Y20_seed11,1.3398910740327274,0.812272336394598,0.728794318736799,0.34281558990052996,-0.2730918922221538,-0.28251401463057846,2444,1164,1280,2.750572565450484,-1.4106814914177563,1.2140721489408826,-0.4017998125462846
TL_CH_to_ISL_G10_Y20_seed12,1.0906607899975838,0.7180517481140953,0.8203036749624395,0.48643500438886256,-0.14246993440225772,-0.14012725437059997,2444,1164,1280,2.750572565450484,-1.6599117754529,1.2140721489408826,-0.4960204008267872
TL_CH_to_ISL_G10_Y20_seed13,1.177141403139528,0.7605828393302407,0.7906769445246465,0.423795067234794,-0.017807602856781884,-0.14459439050406217,2444,1164,1280,2.750572565450484,-1.5734311623109558,1.2140721489408826,-0.4534893096106418
TL_CH_to_ISL_G10_Y20_seed14,1.104012918371798,0.7851843217839621,0.8158769732850354,0.38591687169351074,-0.12493840515408729,-0.2524475797545165,2444,1164,1280,2.750572565450484,-1.6465596470786859,1.2140721489408826,-0.4288878271569204
TL_CH_to_ISL_G10_Y20_seed15,1.178360332801692,0.7569766917371428,0.7902432121208092,0.4292460293211158,0.016187511307677042,-0.17774467542767525,2444,1164,1280,2.750572565450484,-1.5722122326487917,1.2140721489408826,-0.4570954572037398
TL_CH_to_ISL_G10_Y20_seed16,1.2568442316348876,0.7639666622737704,0.7613712823006307,0.4186566059569494,-0.16270307205694237,-0.240311349183321,2444,1164,1280,2.750572565450484,-1.4937283338155962,1.2140721489408826,-0.45010548666711214
TL_CH_to_ISL_G10_Y20_seed17,1.2495848195410348,0.8062346384074588,0.7641199146991907,0.3525491090502251,-0.42778487588019715,-0.3292351944837719,2444,1164,1280,2.750572565450484,-1.500987745909449,1.2140721489408826,-0.40783751053342376
TL_CH_to_ISL_G10_Y20_seed18,1.2232318810026288,0.7642640073808705,0.7739641224241921,0.4182039860670186,-0.3411461277976888,-0.3004754684632644,2444,1164,1280,2.750572565450484,-1.527340684447855,1.2140721489408826,-0.44980814156001203
TL_CH_to_ISL_G10_Y20_seed19,1.2150048241588909,0.7522061938272641,0.7769943842715097,0.436417190908174,-0.25108668889171887,-0.2128125036135316,2444,1164,1280,2.750572565450484,-1.535567741291593,1.2140721489408826,-0.4618659551136185
TL_CH_to_ISL_G10_Y20_seed2,1.0884854897659655,0.7179813586154179,0.8210197612958373,0.4865356874129776,-0.0379824520079131,-0.10405714318621903,2444,1164,1280,2.750572565450484,-1.6620870756845183,1.2140721489408826,-0.49609079032546466
TL_CH_to_ISL_G10_Y20_seed20,1.3267246126472627,0.76882731976397,0.7340981450592016,0.41123560080727717,0.21258632180719442,-0.13156550913117826,2444,1164,1280,2.750572565450484,-1.423847952803221,1.2140721489408826,-0.44524482917691255
TL_CH_to_ISL_G10_Y20_seed3,1.2941477835227269,0.7380279911241711,0.746995910707718,0.45746270939697187,-0.3085459783366046,-0.19602883725892753,2444,1164,1280,2.750572565450484,-1.456424781927757,1.2140721489408826,-0.4760441578167115
TL_CH_to_ISL_G10_Y20_seed4,1.153770332161247,0.7527608403901948,0.7989062699707806,0.43558575794224996,-0.3204130608191605,-0.2925082602305338,2444,1164,1280,2.750572565450484,-1.5968022332892369,1.2140721489408826,-0.4613113085506878
TL_CH_to_ISL_G10_Y20_seed5,1.2238458045574794,0.7703055065713832,0.7737371767817165,0.4089694471717845,-0.27383025277316364,-0.2548539699520916,2444,1164,1280,2.750572565450484,-1.5267267608930044,1.2140721489408826,-0.44376664236949936
TL_CH_to_ISL_G10_Y20_seed6,1.1258538478207871,0.7423169677578693,0.8085198196396761,0.45113858307279375,-0.2658193518257223,-0.28859746726229785,2444,1164,1280,2.750572565450484,-1.6247187176296967,1.2140721489408826,-0.4717551811830133
TL_CH_to_ISL_G10_Y20_seed7,1.2512285134498322,0.7488295846415526,0.7634989569991061,0.44146561428157305,-0.3573500820246759,-0.23485015323385597,2444,1164,1280,2.750572565450484,-1.4993440520006516,1.2140721489408826,-0.46524256429933
TL_CH_to_ISL_G10_Y20_seed8,1.0605489541642297,0.7340482374655317,0.8300891020527906,0.463298106526151,-0.07525233696518895,-0.17140999264083803,2444,1164,1280,2.750572565450484,-1.6900236112862541,1.2140721489408826,-0.48002391147535084
TL_CH_to_ISL_G10_Y20_seed9,1.2238749478453526,0.7706845722156928,0.7737264007164981,0.40838761437935356,-0.023827313301489524,-0.15841621810104697,2444,1164,1280,2.750572565450484,-1.5266976176051312,1.2140721489408826,-0.4433875767251898
TL_CH_to_ISL_G10_Y2_seed1,1.5865247465712833,0.852433250020243,0.6197637692328885,0.27622314683699944,0.42196717407695206,-0.12493417630903422,2444,1164,1280,2.750572565450484,-1.1640478188792005,1.2140721489408826,-0.3616388989206396
TL_CH_to_ISL_G10_Y2_seed10,1.472338331190639,0.8613908583269049,0.6725273513153034,0.2609319231033166,-0.5483221350512963,-0.330809098854661,2444,1164,1280,2.750572565450484,-1.2782342342598447,1.2140721489408826,-0.3526812906139777
TL_CH_to_ISL_G10_Y2_seed11,1.5018040695716866,0.9433214321009874,0.6592888481969548,0.11365391584295892,0.04702839145238457,-0.08152185017243027,2444,1164,1280,2.750572565450484,-1.2487684958787972,1.2140721489408826,-0.27075071683989516
TL_CH_to_ISL_G10_Y2_seed12,1.4150600504660982,0.8497020519331964,0.6975110352670648,0.28085368220433304,-0.36950897279473927,-0.0707547968486324,2444,1164,1280,2.750572565450484,-1.3355125149843856,1.2140721489408826,-0.3643700970076862
TL_CH_to_ISL_G10_Y2_seed13,1.4527866159139624,0.7971741425297539,0.6811668607039192,0.3670194962381361,-0.16284323473464174,-0.20287915579974652,2444,1164,1280,2.750572565450484,-1.2977859495365214,1.2140721489408826,-0.4168980064111286
TL_CH_to_ISL_G10_Y2_seed14,1.8927903699663011,0.8110070014480447,0.45879122386493676,0.3448614818362328,0.18189842586767224,-0.10300008018966764,2444,1164,1280,2.750572565450484,-0.8577821954841827,1.2140721489408826,-0.40306514749283784
TL_CH_to_ISL_G10_Y2_seed15,1.515512987669009,0.8702516071245467,0.6530402309287641,0.2456487835380169,-0.3054021847053492,-0.08108971568290144,2444,1164,1280,2.750572565450484,-1.2350595777814748,1.2140721489408826,-0.3438205418163358
TL_CH_to_ISL_G10_Y2_seed16,1.8679614935993711,0.9536950531750227,0.472896823091254,0.094052591629605,0.16124612011041017,-0.10579895505215972,2444,1164,1280,2.750572565450484,-0.8826110718511126,1.2140721489408826,-0.2603770957658599
TL_CH_to_ISL_G10_Y2_seed17,1.6510079676249303,0.8751563741389655,0.5882267470456236,0.2371217245565156,0.05577100083692787,-0.18427972227800637,2444,1164,1280,2.750572565450484,-1.0995645978255535,1.2140721489408826,-0.33891577480191704
TL_CH_to_ISL_G10_Y2_seed18,1.5443124595915827,0.9132361520534742,0.6397283025729582,0.16928870027505927,-0.692254112502144,-0.2839058235520497,2444,1164,1280,2.750572565450484,-1.206260105858901,1.2140721489408826,-0.30083599688740836
TL_CH_to_ISL_G10_Y2_seed19,1.7117415180028297,0.7862396351831591,0.5573747713976158,0.38426506679667827,0.5585120368966532,0.08752388327848167,2444,1164,1280,2.750572565450484,-1.038831047447654,1.2140721489408826,-0.42783251375772346
TL_CH_to_ISL_G10_Y2_seed2,1.5866295558713694,0.8781592712376911,0.619713529096811,0.23187746128955966,0.4543069425675877,0.03421895494684577,2444,1164,1280,2.750572565450484,-1.1639430095791143,1.2140721489408826,-0.33591287770319145
TL_CH_to_ISL_G10_Y2_seed20,1.570833988817799,0.8055439032993104,0.6272476634664961,0.3536580306099226,0.46804056516320436,0.12455926388502121,2444,1164,1280,2.750572565450484,-1.1797385766326849,1.2140721489408826,-0.4085282456415722
TL_CH_to_ISL_G10_Y2_seed3,1.3647710055018085,0.7957027518044094,0.7186289769159991,0.3693539977195892,-0.12441153284098275,-0.027677772287279367,2444,1164,1280,2.750572565450484,-1.3858015599486753,1.2140721489408826,-0.41836939713647314
TL_CH_to_ISL_G10_Y2_seed4,1.7041386620517878,0.9182890383892484,0.5612979599884126,0.1600707077370528,-0.141404913898391,0.028177338652312756,2444,1164,1280,2.750572565450484,-1.046433903398696,1.2140721489408826,-0.2957831105516342
TL_CH_to_ISL_G10_Y2_seed5,1.3956047841091652,0.7727868825694227,0.7057715295706463,0.40515555479771215,0.35396303536043955,0.029536786302924157,2444,1164,1280,2.750572565450484,-1.3549677813413186,1.2140721489408826,-0.4412852663714598
TL_CH_to_ISL_G10_Y2_seed6,1.7801294764912396,0.8793113812612965,0.5213004952949158,0.22986064674927353,-0.07720921280765042,-0.16209488618187606,2444,1164,1280,2.750572565450484,-0.9704430889592441,1.2140721489408826,-0.33476076767958607
TL_CH_to_ISL_G10_Y2_seed7,1.7520810928125403,0.9103642767962813,0.5362667875023883,0.17450519995018143,0.1326610483613211,0.07615432341117412,2444,1164,1280,2.750572565450484,-0.9984914726379435,1.2140721489408826,-0.30370787214460127
TL_CH_to_ISL_G10_Y2_seed8,1.8877800645315659,0.908811408141317,0.4616526420342465,0.17731900039116244,-0.669592830989369,-0.3739034572150558,2444,1164,1280,2.750572565450484,-0.8627925009189179,1.2140721489408826,-0.30526074079956556
TL_CH_to_ISL_G10_Y2_seed9,1.3937861695858351,0.8436401256425353,0.7065378490022247,0.2910781168723562,-0.10387576796447288,-0.24208960097748786,2444,1164,1280,2.750572565450484,-1.3567863958646487,1.2140721489408826,-0.37043202329834723
TL_CH_to_ISL_G10_Y30_seed1,1.265332154378308,0.818276751664168,0.758137307226511,0.33306370592305756,0.051323968776312894,-0.14600745744537563,2444,1164,1280,2.750572565450484,-1.4852404110721757,1.2140721489408826,-0.39579539727671453
TL_CH_to_ISL_G10_Y30_seed10,1.1695522316563547,0.7381552547358824,0.7933673055108142,0.45727558584905204,-0.18662910683150963,-0.23880558160599322,2444,1164,1280,2.750572565450484,-1.581020333794129,1.2140721489408826,-0.47591689420500016
TL_CH_to_ISL_G10_Y30_seed11,1.1983036240755922,0.7882259387305454,0.7830830244215697,0.3811500333480826,0.044066792193966635,-0.12051401822827756,2444,1164,1280,2.750572565450484,-1.5522689413748916,1.2140721489408826,-0.4258462102103372
TL_CH_to_ISL_G10_Y30_seed12,1.1633463187006874,0.6527780819467407,0.7955543686856049,0.5755612226858962,0.18623402558548754,-0.013626339263282716,2444,1164,1280,2.750572565450484,-1.5872262467497964,1.2140721489408826,-0.5612940669941419
TL_CH_to_ISL_G10_Y30_seed13,1.1224869437124185,0.7214045613725656,0.8096633631208059,0.4816278089390066,0.27337571161821533,-0.004865700425580144,2444,1164,1280,2.750572565450484,-1.6280856217380653,1.2140721489408826,-0.49266758756831697
TL_CH_to_ISL_G10_Y30_seed14,1.2565370614651399,0.7883767486556135,0.7614879087921852,0.3809132036759668,-0.20901902672863498,-0.1211570261279121,2444,1164,1280,2.750572565450484,-1.494035503985344,1.2140721489408826,-0.4256954002852691
TL_CH_to_ISL_G10_Y30_seed15,1.1923431158556363,0.7357516253417858,0.785235600414715,0.46080434062984,-0.07368916467702676,-0.1206507564522326,2444,1164,1280,2.750572565450484,-1.5582294495948474,1.2140721489408826,-0.4783205235990967
TL_CH_to_ISL_G10_Y30_seed16,1.0823675400843207,0.7094347715764727,0.8230260624257852,0.49868711342837746,0.23306926762320332,0.0826555498642847,2444,1164,1280,2.750572565450484,-1.668205025366163,1.2140721489408826,-0.5046373773644098
TL_CH_to_ISL_G10_Y30_seed17,1.2742629388621354,0.7802250546113249,0.754711097974765,0.39364953968346594,-0.18608183418864646,-0.18005024550948293,2444,1164,1280,2.750572565450484,-1.4763096265883484,1.2140721489408826,-0.4338470943295577
TL_CH_to_ISL_G10_Y30_seed18,1.2264106953200982,0.7014202975890569,0.7727877964758275,0.5099497832802797,-0.11733992438750579,-0.10165690330322832,2444,1164,1280,2.750572565450484,-1.5241618701303856,1.2140721489408826,-0.5126518513518257
TL_CH_to_ISL_G10_Y30_seed19,1.1408773372450267,0.7308507382115309,0.8033754681984373,0.46796364799790224,-0.3300546530083692,-0.20001096350606531,2444,1164,1280,2.750572565450484,-1.609695228205457,1.2140721489408826,-0.48322141072935165
TL_CH_to_ISL_G10_Y30_seed2,1.1509722600668857,0.7476200185388568,0.7998804542635873,0.44326853085067963,-0.1589568157478706,-0.15486034899950027,2444,1164,1280,2.750572565450484,-1.599600305383598,1.2140721489408826,-0.4664521304020257
TL_CH_to_ISL_G10_Y30_seed20,1.143702233376707,0.774620547401159,0.8024005491233414,0.40232931790968274,-0.17139246931805233,-0.20111152706667781,2444,1164,1280,2.750572565450484,-1.6068703320737767,1.2140721489408826,-0.4394516015397235
TL_CH_to_ISL_G10_Y30_seed3,1.2606653790144187,0.7202239155097471,0.7599180845376028,0.48332314940822896,0.17070755761923248,-0.1301312984433025,2444,1164,1280,2.750572565450484,-1.4899071864360651,1.2140721489408826,-0.4938482334311355
TL_CH_to_ISL_G10_Y30_seed4,1.173594128796429,0.7491039309107995,0.791936619044018,0.44105628244523787,0.28158970430646973,0.041566858254373076,2444,1164,1280,2.750572565450484,-1.5769784366540547,1.2140721489408826,-0.46496821803008304
TL_CH_to_ISL_G10_Y30_seed5,1.0416506027470152,0.6715919914492302,0.8360905722766446,0.5507429051831425,0.16323622351966774,-0.009035795740783215,2444,1164,1280,2.750572565450484,-1.7089219627034686,1.2140721489408826,-0.5424801574916523
TL_CH_to_ISL_G10_Y30_seed6,1.1535229130985205,0.7092199273101514,0.7989925073891817,0.49899070128488066,-0.14748605852786617,-0.1551565804053098,2444,1164,1280,2.750572565450484,-1.5970496523519633,1.2140721489408826,-0.5048522216307312
TL_CH_to_ISL_G10_Y30_seed7,1.4974196669185047,0.795471676759523,0.661275304844327,0.36972022843372665,0.2614787925047563,-0.05233289576135576,2444,1164,1280,2.750572565450484,-1.253152898531979,1.2140721489408826,-0.41860047218135954
TL_CH_to_ISL_G10_Y30_seed8,1.1985611465568566,0.741719008948455,0.7829897809412281,0.4520224759313116,-0.10339290922654863,-0.16697704612743108,2444,1164,1280,2.750572565450484,-1.5520114188936271,1.2140721489408826,-0.47235313999242756
TL_CH_to_ISL_G10_Y30_seed9,1.1702640772247115,0.8020597907445365,0.7931156958313942,0.3592370143932202,-0.2329701983539509,-0.16960533659439533,2444,1164,1280,2.750572565450484,-1.5803084882257723,1.2140721489408826,-0.4120123581963461
TL_CH_to_ISL_G10_Y35_seed1,1.1818884912404746,0.7926559481002013,0.7889852555016452,0.37417433012836554,-0.016835287059705283,-0.16687219010200352,2444,1164,1280,2.750572565450484,-1.5686840742100092,1.2140721489408826,-0.4214162008406812
TL_CH_to_ISL_G10_Y35_seed10,1.1562853181722204,0.7433091251240007,0.7980286271368477,0.4496704209797373,-0.17972830345028454,-0.2589038484962657,2444,1164,1280,2.750572565450484,-1.5942872472782634,1.2140721489408826,-0.47076302381688184
TL_CH_to_ISL_G10_Y35_seed11,1.117299707050242,0.7343632880670596,0.8114184657207478,0.4628373069989449,0.04369201554670367,-0.1139944130089134,2444,1164,1280,2.750572565450484,-1.6332728584002418,1.2140721489408826,-0.4797088608738229
TL_CH_to_ISL_G10_Y35_seed12,1.1947072727927301,0.658817060015064,0.7843830939438827,0.5676717644982663,0.202318103427125,-0.018314509419724345,2444,1164,1280,2.750572565450484,-1.5558652926577536,1.2140721489408826,-0.5552550889258185
TL_CH_to_ISL_G10_Y35_seed13,1.063478492838268,0.7333397574457703,0.8291491208798065,0.4643336217680052,0.19741153773368428,0.013490940700285137,2444,1164,1280,2.750572565450484,-1.687094072612216,1.2140721489408826,-0.48073239149511227
TL_CH_to_ISL_G10_Y35_seed14,1.2974815104379531,0.7951217948770004,0.7456907538890609,0.37027455357611994,-0.292089829663026,-0.13687661658041178,2444,1164,1280,2.750572565450484,-1.4530910550125307,1.2140721489408826,-0.41895035406388215
TL_CH_to_ISL_G10_Y35_seed15,1.182990490170505,0.723512615757337,0.7885915695757588,0.4785938570344741,-0.009234114790085665,-0.11379242958500982,2444,1164,1280,2.750572565450484,-1.5675820752799787,1.2140721489408826,-0.4905595331835455
TL_CH_to_ISL_G10_Y35_seed16,1.2193902715465832,0.7109179607996736,0.7753816427605584,0.49658876937060803,0.13291772869751625,-0.08245267141610384,2444,1164,1280,2.750572565450484,-1.5311822939039006,1.2140721489408826,-0.5031541881412089
TL_CH_to_ISL_G10_Y35_seed17,1.1916939649488572,0.7787690927492648,0.785469386397885,0.3959104243629067,-0.13535048723016,-0.19200480056460947,2444,1164,1280,2.750572565450484,-1.5588786005016266,1.2140721489408826,-0.4353030561916178
TL_CH_to_ISL_G10_Y35_seed18,1.319959329248139,0.7256398982634625,0.7368030242413746,0.47552325742540236,-0.20003546574681075,-0.11468529088888317,2444,1164,1280,2.750572565450484,-1.4306132362023447,1.2140721489408826,-0.48843225067742
TL_CH_to_ISL_G10_Y35_seed19,1.1520219828990652,0.7378471278498226,0.7995152571882806,0.45772858833004126,-0.3229751879560579,-0.20817607808858157,2444,1164,1280,2.750572565450484,-1.5985505825514186,1.2140721489408826,-0.4762250210910599
TL_CH_to_ISL_G10_Y35_seed2,1.148915045196609,0.7410089690492593,0.8005951908373703,0.45307112014107886,-0.25551584821284024,-0.1587128391256556,2444,1164,1280,2.750572565450484,-1.6016575202538748,1.2140721489408826,-0.4730631798916233
TL_CH_to_ISL_G10_Y35_seed20,1.1014289152528027,0.7707169925673528,0.8167378648184652,0.40833783867160556,-0.2275280054031369,-0.22174581459257753,2444,1164,1280,2.750572565450484,-1.649143650197681,1.2140721489408826,-0.44335515637352974
TL_CH_to_ISL_G10_Y35_seed3,1.1380596840993746,0.677605582769873,0.80434548587575,0.5426613789101961,0.16202664318977764,-0.12831398737616836,2444,1164,1280,2.750572565450484,-1.6125128813511092,1.2140721489408826,-0.5364665661710095
TL_CH_to_ISL_G10_Y35_seed4,1.2976076949001878,0.802195257994696,0.7456412866163051,0.3590205474138416,0.14943874514696934,-0.03518736811820418,2444,1164,1280,2.750572565450484,-1.452964870550296,1.2140721489408826,-0.4118768909461865
TL_CH_to_ISL_G10_Y35_seed5,1.0669033404559236,0.6857623530034626,0.8280469257235207,0.5315845555070101,0.04974506690432526,-0.02797648161649704,2444,1164,1280,2.750572565450484,-1.6836692249945602,1.2140721489408826,-0.52830979593742
TL_CH_to_ISL_G10_Y35_seed6,1.1535229130985205,0.7092199273101514,0.7989925073891817,0.49899070128488066,-0.14748605852786617,-0.1551565804053098,2444,1164,1280,2.750572565450484,-1.5970496523519633,1.2140721489408826,-0.5048522216307312
TL_CH_to_ISL_G10_Y35_seed7,1.4834449631835867,0.7950808448435066,0.6675681154128696,0.3703394156242896,0.3027321636881615,-0.026267706393264235,2444,1164,1280,2.750572565450484,-1.2671276022668971,1.2140721489408826,-0.41899130409737595
TL_CH_to_ISL_G10_Y35_seed8,1.2647331645081654,0.7766868663142601,0.7583662416007406,0.39913646327806407,-0.16140904505433085,-0.12026667692698538,2444,1164,1280,2.750572565450484,-1.4858394009423184,1.2140721489408826,-0.43738528262662246
TL_CH_to_ISL_G10_Y35_seed9,1.239972883940318,0.7948348748574859,0.76773478603698,0.37072894493896313,-0.08370954248913375,-0.13365576257929207,2444,1164,1280,2.750572565450484,-1.5105996815101659,1.2140721489408826,-0.4192372740833966
TL_CH_to_ISL_G10_Y3_seed1,1.4211892663165844,0.8892818333460196,0.6948849482338068,0.2122965131337956,0.0638571583579496,-0.16289570822846144,2444,1164,1280,2.750572565450484,-1.3293832991338994,1.2140721489408826,-0.32479031559486293
TL_CH_to_ISL_G10_Y3_seed10,1.550057373147252,0.8551436083281103,0.6370428622134503,0.2716132533003379,-0.41388951298297477,-0.22717679277993738,2444,1164,1280,2.750572565450484,-1.2005151923032318,1.2140721489408826,-0.35892854061277224
TL_CH_to_ISL_G10_Y3_seed11,1.3803133795563165,0.8365558034180133,0.7121838295588838,0.302934225279772,-0.10117193611012291,-0.1058805895037949,2444,1164,1280,2.750572565450484,-1.3702591858941673,1.2140721489408826,-0.3775163455228693
TL_CH_to_ISL_G10_Y3_seed12,1.5642950994297644,0.8667426952943249,0.6303445066435092,0.25171970726558157,-0.1318985267551904,-0.18252265457995237,2444,1164,1280,2.750572565450484,-1.1862774660207194,1.2140721489408826,-0.34732945364655765
TL_CH_to_ISL_G10_Y3_seed13,1.4520666033732452,0.8469781382973106,0.6814828148424598,0.2854570666933134,-0.27296005171496435,-0.25669846234377475,2444,1164,1280,2.750572565450484,-1.2985059620772386,1.2140721489408826,-0.36709401064357194
TL_CH_to_ISL_G10_Y3_seed14,1.5109756540263224,0.7925412168896493,0.655114664626687,0.37435548448790856,-0.12368437921775575,0.07869584942236543,2444,1164,1280,2.750572565450484,-1.2395969114241614,1.2140721489408826,-0.42153093205123326
TL_CH_to_ISL_G10_Y3_seed15,1.5453855724290795,0.8499403070876798,0.6392274369537561,0.28045033060965596,-0.11434841601504493,-0.21930694070179016,2444,1164,1280,2.750572565450484,-1.2051869930214043,1.2140721489408826,-0.3641318418532028
TL_CH_to_ISL_G10_Y3_seed16,1.585223448810791,0.9241475334145728,0.620387267396674,0.14931936917298705,-0.035520409928359524,-0.07194834987167269,2444,1164,1280,2.750572565450484,-1.1653491166396928,1.2140721489408826,-0.28992461552630977
TL_CH_to_ISL_G10_Y3_seed17,1.5083977940327131,0.7952187031099931,0.6562904713881145,0.37012104426590087,-0.17868432889074803,-0.08756562918424607,2444,1164,1280,2.750572565450484,-1.2421747714177707,1.2140721489408826,-0.41885344583088946
TL_CH_to_ISL_G10_Y3_seed18,1.3864101808159506,0.956142602415051,0.7096356642331478,0.08939660401143223,-0.29013362409118115,-0.419297386193648,2444,1164,1280,2.750572565450484,-1.3641623846345332,1.2140721489408826,-0.25792954652583155
TL_CH_to_ISL_G10_Y3_seed19,1.5740543854059539,0.8238636155523176,0.6257177235067266,0.3239254714965939,0.6386491455572987,0.1656855451874435,2444,1164,1280,2.750572565450484,-1.17651818004453,1.2140721489408826,-0.390208533388565
TL_CH_to_ISL_G10_Y3_seed2,1.3422901315259457,0.8134090466474957,0.7278222688233325,0.34097494870989076,0.13094926571723112,0.03185454206541181,2444,1164,1280,2.750572565450484,-1.4082824339245381,1.2140721489408826,-0.40066310229338686
TL_CH_to_ISL_G10_Y3_seed20,1.536870396406422,0.8231317197546087,0.6431922446455867,0.32512614672268114,0.6497639379499295,0.16855625959578902,2444,1164,1280,2.750572565450484,-1.2137021690440617,1.2140721489408826,-0.3909404291862738
TL_CH_to_ISL_G10_Y3_seed3,1.4816574135901246,0.9240473732897558,0.6683687928448205,0.14950375458292608,-0.08853443519970805,-0.11546537501271814,2444,1164,1280,2.750572565450484,-1.2689151518603592,1.2140721489408826,-0.2900247756511267
TL_CH_to_ISL_G10_Y3_seed4,1.5367733951847204,0.7580996617844521,0.6432372838317333,0.42755135355275686,-0.02050372502443307,-0.028176654037088154,2444,1164,1280,2.750572565450484,-1.2137991702657633,1.2140721489408826,-0.45597248715643046
TL_CH_to_ISL_G10_Y3_seed5,1.2331540288947738,0.7493657388900156,0.7702823063574394,0.44066551825090794,0.22057345276538448,-0.06950263073667884,2444,1164,1280,2.750572565450484,-1.51741853655571,1.2140721489408826,-0.464706410050867
TL_CH_to_ISL_G10_Y3_seed6,1.622110783158418,0.8340797368949681,0.6025149327902808,0.30705451686802243,-0.11427708290184486,-0.1521805625874549,2444,1164,1280,2.750572565450484,-1.1284617822920657,1.2140721489408826,-0.3799924120459145
TL_CH_to_ISL_G10_Y3_seed7,1.7876424195091585,0.935027568858053,0.5172513163484309,0.12917124902670862,0.05606078277133994,0.08767906031571329,2444,1164,1280,2.750572565450484,-0.9629301459413253,1.2140721489408826,-0.2790445800828295
TL_CH_to_ISL_G10_Y3_seed8,1.7763129887681608,0.9210664227664425,0.5233508993492223,0.1549822569169037,-0.7429086695780459,-0.4042580474168062,2444,1164,1280,2.750572565450484,-0.974259576682323,1.2140721489408826,-0.2930057261744401
TL_CH_to_ISL_G10_Y3_seed9,1.3884199565797064,0.7932452565481554,0.7087932148775975,0.3732434307871444,0.02815337223080835,-0.1441242948640138,2444,1164,1280,2.750572565450484,-1.3621526088707774,1.2140721489408826,-0.4208268923927272
TL_CH_to_ISL_G10_Y5_seed1,1.3156168009951346,0.8030095068049091,0.7385319566425095,0.35771866578116385,0.35849057171250537,0.06576091903261841,2444,1164,1280,2.750572565450484,-1.4349557644553492,1.2140721489408826,-0.41106264213597343
TL_CH_to_ISL_G10_Y5_seed10,1.3982795005656048,0.7908531605452294,0.7046426542995987,0.37701780270603513,-0.17407998178935133,0.010028842836618423,2444,1164,1280,2.750572565450484,-1.352293064884879,1.2140721489408826,-0.4232189883956532
TL_CH_to_ISL_G10_Y5_seed11,1.4635279994411285,0.8376165118375801,0.6764347554818091,0.30116541970151334,0.12981647637087046,-0.06079227004665881,2444,1164,1280,2.750572565450484,-1.2870445660093552,1.2140721489408826,-0.37645563710330243
TL_CH_to_ISL_G10_Y5_seed12,1.3564433431211655,0.8258217525587954,0.7220522824093787,0.3207079006027722,-0.07857898686759661,-0.08855466288514435,2444,1164,1280,2.750572565450484,-1.3941292223293182,1.2140721489408826,-0.38825039638208714
TL_CH_to_ISL_G10_Y5_seed13,1.236654910075592,0.7415354418721465,0.7689761338924956,0.4522936788619094,-0.13168355904493956,-0.14803245693910866,2444,1164,1280,2.750572565450484,-1.5139176553748919,1.2140721489408826,-0.4725367070687361
TL_CH_to_ISL_G10_Y5_seed14,1.4713705208162853,0.8858057784765067,0.6729577242206698,0.21844248182187254,-0.4008616845529923,-0.13473515023943036,2444,1164,1280,2.750572565450484,-1.2792020446341985,1.2140721489408826,-0.3282663704643759
TL_CH_to_ISL_G10_Y5_seed15,1.4692661906810764,0.78001750970177,0.6738925163440046,0.39397208306480413,-0.07377989636254065,-0.013672562153078615,2444,1164,1280,2.750572565450484,-1.2813063747694073,1.2140721489408826,-0.4340546392391126
TL_CH_to_ISL_G10_Y5_seed16,1.5598294359689042,0.8808632115943167,0.6324520383813268,0.22713992635820435,-0.055695819383634326,0.030215562437660992,2444,1164,1280,2.750572565450484,-1.1907431294815796,1.2140721489408826,-0.33320893734656587
TL_CH_to_ISL_G10_Y5_seed17,1.2408386398555065,0.772954779641879,0.7674103350996908,0.40489705276455323,0.059945044162142316,0.05526260551996529,2444,1164,1280,2.750572565450484,-1.5097339255949773,1.2140721489408826,-0.4411173692990036
TL_CH_to_ISL_G10_Y5_seed18,1.6522311107836831,0.9081846628401931,0.5876163996534374,0.17845330318527275,-0.23146022172625533,-0.09993858151137829,2444,1164,1280,2.750572565450484,-1.0983414546668007,1.2140721489408826,-0.3058874861006895
TL_CH_to_ISL_G10_Y5_seed19,1.562488252635065,0.8966824046167887,0.631197958280218,0.19913148077738252,-0.3300910493762223,-0.21083190399222076,2444,1164,1280,2.750572565450484,-1.1880843128154188,1.2140721489408826,-0.31738974432409384
TL_CH_to_ISL_G10_Y5_seed2,1.3216203423531458,0.8436503326753483,0.736140202771109,0.29106096256099445,0.2322822999964465,0.03615531355608255,2444,1164,1280,2.750572565450484,-1.428952223097338,1.2140721489408826,-0.3704218162655343
TL_CH_to_ISL_G10_Y5_seed20,1.397967133286716,0.8388706291098984,0.7047746016894818,0.299071199701211,-0.10299890967169169,-0.07663293469231576,2444,1164,1280,2.750572565450484,-1.3526054321637677,1.2140721489408826,-0.37520151983098415
TL_CH_to_ISL_G10_Y5_seed3,1.3789333798685408,0.9005758285090963,0.7127590433954591,0.19216158797840577,0.09306842337052028,0.18556999149732292,2444,1164,1280,2.750572565450484,-1.371639185581943,1.2140721489408826,-0.3134963204317862
TL_CH_to_ISL_G10_Y5_seed4,1.3772942317124808,0.7412175267805324,0.7134415283529187,0.4527632094324452,0.41354566036733154,0.16846740595065057,2444,1164,1280,2.750572565450484,-1.373278333738003,1.2140721489408826,-0.4728546221603501
TL_CH_to_ISL_G10_Y5_seed5,1.5243073876402666,0.8073019447060031,0.6490017881823928,0.3508337627274636,0.3690774717537808,0.05941124565433711,2444,1164,1280,2.750572565450484,-1.2262651778102172,1.2140721489408826,-0.4067702042348794
TL_CH_to_ISL_G10_Y5_seed6,1.677231682000219,0.8976082565222493,0.5750420974836848,0.19747678465758178,-0.04794073296883672,-0.1558102576062083,2444,1164,1280,2.750572565450484,-1.0733408834502647,1.2140721489408826,-0.31646389241863326
TL_CH_to_ISL_G10_Y5_seed7,1.709380086671553,0.8589397443307409,0.5585951754124419,0.26513202040771766,-0.637119279463881,-0.17093605166301132,2444,1164,1280,2.750572565450484,-1.0411924787789308,1.2140721489408826,-0.3551324046101416
TL_CH_to_ISL_G10_Y5_seed8,1.3787320436875303,0.8329847112169094,0.7128429165920781,0.308872796275517,-0.2985290020345822,-0.21124275904148818,2444,1164,1280,2.750572565450484,-1.3718405217629535,1.2140721489408826,-0.38108743772397313
TL_CH_to_ISL_G10_Y5_seed9,1.3928226593061337,0.8073245326043171,0.7069434435947626,0.3507974355361607,-0.03456755694245145,-0.06377439419738948,2444,1164,1280,2.750572565450484,-1.35774990614435,1.2140721489408826,-0.4067476163365654
TL_CH_to_ISL_G1_Y10_seed1,1.401327095222683,0.8161188071302877,0.7033537697829796,0.3365767320382925,0.18002072975193104,0.1441492513054982,2444,1164,1280,2.750572565450484,-1.3492454702278007,1.2140721489408826,-0.39795334181059483
TL_CH_to_ISL_G1_Y10_seed10,2.2874316390408613,0.9889283150039259,0.20958341796583357,0.02587755391034341,-1.0869348119061017,-0.10603781356476247,2444,1164,1280,2.750572565450484,-0.46314092640962246,1.2140721489408826,-0.2251438339369567
TL_CH_to_ISL_G1_Y10_seed11,1.5329094626708277,0.9118440354075286,0.6450290562069216,0.1718194051640557,-0.11455614142811175,0.017167210183106362,2444,1164,1280,2.750572565450484,-1.217663102779656,1.2140721489408826,-0.302228113533354
TL_CH_to_ISL_G1_Y10_seed12,1.6807084560242824,1.028598607886412,0.5732784604533039,-0.05384269990928159,0.4291102863412952,0.3497253410751,2444,1164,1280,2.750572565450484,-1.0698641094262014,1.2140721489408826,-0.18547354105447056
TL_CH_to_ISL_G1_Y10_seed13,2.357890229021068,1.008706782168462,0.16013987835689858,-0.013476793702992707,-1.1465820056159062,-0.020501648215577005,2444,1164,1280,2.750572565450484,-0.39268233642941563,1.2140721489408826,-0.20536536677242045
TL_CH_to_ISL_G1_Y10_seed14,1.7143627498973653,0.9890759324162788,0.5560181276595071,0.025586717527256053,-0.9024116252244953,-0.40408087738323956,2444,1164,1280,2.750572565450484,-1.0362098155531185,1.2140721489408826,-0.22499621652460378
TL_CH_to_ISL_G1_Y10_seed15,1.7149254122744346,1.401163533238674,0.5557266457191362,-0.9555169230462588,-0.013217564864256947,0.8971822319552303,2444,1164,1280,2.750572565450484,-1.0356471531760492,1.2140721489408826,0.18709138429779149
TL_CH_to_ISL_G1_Y10_seed16,2.3329033316644487,1.0881486549183923,0.17784579633636055,-0.17939799778159382,-1.7380115168354766,-0.5866612033220008,2444,1164,1280,2.750572565450484,-0.41766923378603504,1.2140721489408826,-0.12592349402249026
TL_CH_to_ISL_G1_Y10_seed17,1.7828453382388023,0.812531529113393,0.5198387213868672,0.3423961133694462,-0.9117677611430076,-0.17380721580702813,2444,1164,1280,2.750572565450484,-0.9677272272116815,1.2140721489408826,-0.40154061982748956
TL_CH_to_ISL_G1_Y10_seed18,2.357890229021068,1.008706782168462,0.16013987835689858,-0.013476793702992707,-1.1465820056159062,-0.020501648215577005,2444,1164,1280,2.750572565450484,-0.39268233642941563,1.2140721489408826,-0.20536536677242045
TL_CH_to_ISL_G1_Y10_seed19,1.6807084560242824,1.028598607886412,0.5732784604533039,-0.05384269990928159,0.4291102863412952,0.3497253410751,2444,1164,1280,2.750572565450484,-1.0698641094262014,1.2140721489408826,-0.18547354105447056
TL_CH_to_ISL_G1_Y10_seed2,2.1144535389964827,1.1425032351033535,0.3246077255234534,-0.3001659975914097,-1.2401397598977761,-0.6769621676765383,2444,1164,1280,2.750572565450484,-0.6361190264540011,1.2140721489408826,-0.07156891383752906
TL_CH_to_ISL_G1_Y10_seed20,2.357890229021068,1.008706782168462,0.16013987835689858,-0.013476793702992707,-1.1465820056159062,-0.020501648215577005,2444,1164,1280,2.750572565450484,-0.39268233642941563,1.2140721489408826,-0.20536536677242045
TL_CH_to_ISL_G1_Y10_seed3,2.1144535389964827,1.1425032351033535,0.3246077255234534,-0.3001659975914097,-1.2401397598977761,-0.6769621676765383,2444,1164,1280,2.750572565450484,-0.6361190264540011,1.2140721489408826,-0.07156891383752906
TL_CH_to_ISL_G1_Y10_seed4,1.7828453382388023,0.812531529113393,0.5198387213868672,0.3423961133694462,-0.9117677611430076,-0.17380721580702813,2444,1164,1280,2.750572565450484,-0.9677272272116815,1.2140721489408826,-0.40154061982748956
TL_CH_to_ISL_G1_Y10_seed5,1.8115125002281836,0.9848847419874318,0.5042731235020685,0.033827336181616596,-0.22323236345630332,-0.3294579029083252,2444,1164,1280,2.750572565450484,-0.9390600652223002,1.2140721489408826,-0.22918740695345075
TL_CH_to_ISL_G1_Y10_seed6,1.401327095222683,0.8161188071302877,0.7033537697829796,0.3365767320382925,0.18002072975193104,0.1441492513054982,2444,1164,1280,2.750572565450484,-1.3492454702278007,1.2140721489408826,-0.39795334181059483
TL_CH_to_ISL_G1_Y10_seed7,1.7149254122744346,1.401163533238674,0.5557266457191362,-0.9555169230462588,-0.013217564864256947,0.8971822319552303,2444,1164,1280,2.750572565450484,-1.0356471531760492,1.2140721489408826,0.18709138429779149
TL_CH_to_ISL_G1_Y10_seed8,1.7828453382388023,0.812531529113393,0.5198387213868672,0.3423961133694462,-0.9117677611430076,-0.17380721580702813,2444,1164,1280,2.750572565450484,-0.9677272272116815,1.2140721489408826,-0.40154061982748956
TL_CH_to_ISL_G1_Y10_seed9,1.9807202012881628,0.9188532525680035,0.40733939924978235,0.15903825372180924,-0.22946945815971218,-0.09763269517570734,2444,1164,1280,2.750572565450484,-0.769852364162321,1.2140721489408826,-0.295218896372879
TL_CH_to_ISL_G1_Y1_seed1,2.5296371107447726,0.9994928504773584,0.03333444709607669,0.004953650331698256,-1.5122544798500759,-0.2555724611040205,2444,1164,1280,2.750572565450484,-0.2209354547057112,1.2140721489408826,-0.2145792984635242
TL_CH_to_ISL_G1_Y1_seed10,2.6810305681896853,1.1187746664868423,-0.0858337251349457,-0.24672071144626662,-1.7385495704985976,-0.5482321830932051,2444,1164,1280,2.750572565450484,-0.06954199726079846,1.2140721489408826,-0.09529748245404024
TL_CH_to_ISL_G1_Y1_seed11,2.423207014540264,1.1911243220006489,0.11296484940991325,-0.4131820502926138,-1.4268206729716861,-0.6861578792799264,2444,1164,1280,2.750572565450484,-0.32736555091021957,1.2140721489408826,-0.022947826940233673
TL_CH_to_ISL_G1_Y1_seed12,2.7386768621851107,1.1648145380732402,-0.13302992484258525,-0.35144224945905966,-1.8034402605952675,-0.5989740044809878,2444,1164,1280,2.750572565450484,-0.011895703265373037,1.2140721489408826,-0.049257610867642354
TL_CH_to_ISL_G1_Y1_seed13,2.511845998270156,1.0486909041201085,0.046883883059082976,-0.09541561976684854,-1.4393425487570746,-0.3858198286499828,2444,1164,1280,2.750572565450484,-0.2387265671803278,1.2140721489408826,-0.1653812448207741
TL_CH_to_ISL_G1_Y1_seed14,2.66100644006179,1.1284310217434177,-0.06967450851374801,-0.268334952348124,-1.7246577389461477,-0.5672353679081426,2444,1164,1280,2.750572565450484,-0.08956612538869368,1.2140721489408826,-0.08564112719746486
TL_CH_to_ISL_G1_Y1_seed15,2.7249625519962017,1.129219257444101,-0.12171072330966859,-0.27010749500955944,-1.7690557865649974,-0.5352944319369272,2444,1164,1280,2.750572565450484,-0.025610013454282043,1.2140721489408826,-0.08485289149678166
TL_CH_to_ISL_G1_Y1_seed16,2.3377597964743435,1.0220609223426158,0.1744192344014771,-0.04048900298167912,-1.1208210431577004,-0.08390826194081455,2444,1164,1280,2.750572565450484,-0.4128127689761403,1.2140721489408826,-0.19201122659826675
TL_CH_to_ISL_G1_Y1_seed17,2.0498986545140387,1.1421724861079634,0.36521804027090643,-0.2994133233953731,-0.8887001487756103,0.5672972188564017,2444,1164,1280,2.750572565450484,-0.700673910936445,1.2140721489408826,-0.07189966283291915
TL_CH_to_ISL_G1_Y1_seed18,2.511845998270156,1.0486909041201085,0.046883883059082976,-0.09541561976684854,-1.4393425487570746,-0.3858198286499828,2444,1164,1280,2.750572565450484,-0.2387265671803278,1.2140721489408826,-0.1653812448207741
TL_CH_to_ISL_G1_Y1_seed19,2.4722191671689906,0.9983546764493002,0.07671935079995584,0.007218581137068192,-1.48357411607127,-0.13425533310510218,2444,1164,1280,2.750572565450484,-0.2783533982814932,1.2140721489408826,-0.21571747249158235
TL_CH_to_ISL_G1_Y1_seed2,2.4553386097077627,1.01127304665928,0.08928480827705398,-0.018640153327592168,-1.3883450352858842,-0.029942496004514395,2444,1164,1280,2.750572565450484,-0.29523395574272104,1.2140721489408826,-0.20279910228160247
TL_CH_to_ISL_G1_Y1_seed20,2.511845998270156,1.0486909041201085,0.046883883059082976,-0.09541561976684854,-1.4393425487570746,-0.3858198286499828,2444,1164,1280,2.750572565450484,-0.2387265671803278,1.2140721489408826,-0.1653812448207741
TL_CH_to_ISL_G1_Y1_seed3,2.6225908885023506,1.1105214858782024,-0.03901278381331785,-0.22839448525178918,-1.6855053707854855,-0.5036466226214543,2444,1164,1280,2.750572565450484,-0.12798167694813323,1.2140721489408826,-0.10355066306268013
TL_CH_to_ISL_G1_Y1_seed4,2.0498986545140387,1.1421724861079634,0.36521804027090643,-0.2994133233953731,-0.8887001487756103,0.5672972188564017,2444,1164,1280,2.750572565450484,-0.700673910936445,1.2140721489408826,-0.07189966283291915
TL_CH_to_ISL_G1_Y1_seed5,2.7846094108218695,1.1661986959397719,-0.1713545478917724,-0.35465601575264016,-1.9060067230534716,-0.6005032108863816,2444,1164,1280,2.750572565450484,0.03403684537138574,1.2140721489408826,-0.04787345300111068
TL_CH_to_ISL_G1_Y1_seed6,2.580194134641588,1.0438588308314471,-0.005690996949160976,-0.08534414129729662,-1.604269612567736,-0.239709575031884,2444,1164,1280,2.750572565450484,-0.1703784308088956,1.2140721489408826,-0.1702133181094354
TL_CH_to_ISL_G1_Y1_seed7,2.6424752285450057,1.146496371375064,-0.05482798808478573,-0.3092702392404798,-1.7332272407217943,-0.5877711729845032,2444,1164,1280,2.750572565450484,-0.10809733690547807,1.2140721489408826,-0.06757577756581856
TL_CH_to_ISL_G1_Y1_seed8,2.0498986545140387,1.1421724861079634,0.36521804027090643,-0.2994133233953731,-0.8887001487756103,0.5672972188564017,2444,1164,1280,2.750572565450484,-0.700673910936445,1.2140721489408826,-0.07189966283291915
TL_CH_to_ISL_G1_Y1_seed9,2.380962277051752,1.015250477639619,0.1436233360591529,-0.026668723889681223,-1.3377712549980973,-0.16041736281476915,2444,1164,1280,2.750572565450484,-0.3696102883987318,1.2140721489408826,-0.1988216713012636
TL_CH_to_ISL_G1_Y20_seed1,1.7201434121690404,0.957889837652385,0.5530189534566521,0.08606552755488484,0.31633901340035636,-0.2233955769566819,2444,1164,1280,2.750572565450484,-1.0304291532814434,1.2140721489408826,-0.25618231128849756
TL_CH_to_ISL_G1_Y20_seed10,1.8111220716498835,1.0167770839454855,0.5044867848292436,-0.029758596490145228,0.8908816649741733,0.4238203251734376,2444,1164,1280,2.750572565450484,-0.9394504938006003,1.2140721489408826,-0.19729506499539706
TL_CH_to_ISL_G1_Y20_seed11,1.4912260917999742,0.8981586230442393,0.6640715525828564,0.19649235227122963,-0.2525602647989886,0.054671096219681206,2444,1164,1280,2.750572565450484,-1.2593464736505096,1.2140721489408826,-0.31591352589664323
TL_CH_to_ISL_G1_Y20_seed12,1.4107123314789185,0.7749581601583461,0.6993669517850194,0.40180822349772793,-0.15468178950634198,-0.07232350073754787,2444,1164,1280,2.750572565450484,-1.3398602339715653,1.2140721489408826,-0.4391139887825365
TL_CH_to_ISL_G1_Y20_seed13,1.7556622836704379,0.9565422769551416,0.5343691420440477,0.0886351672583785,-0.061698592917616014,-0.28642092456575485,2444,1164,1280,2.750572565450484,-0.9949102817800459,1.2140721489408826,-0.25752987198574095
TL_CH_to_ISL_G1_Y20_seed14,1.4912260917999742,0.8981586230442393,0.6640715525828564,0.19649235227122963,-0.2525602647989886,0.054671096219681206,2444,1164,1280,2.750572565450484,-1.2593464736505096,1.2140721489408826,-0.31591352589664323
TL_CH_to_ISL_G1_Y20_seed15,1.7556622836704379,0.9565422769551416,0.5343691420440477,0.0886351672583785,-0.061698592917616014,-0.28642092456575485,2444,1164,1280,2.750572565450484,-0.9949102817800459,1.2140721489408826,-0.25752987198574095
TL_CH_to_ISL_G1_Y20_seed16,1.8543627250872843,0.8850585931465151,0.4805435146739364,0.21976042766279313,-0.15745893102843328,-0.07182550844736398,2444,1164,1280,2.750572565450484,-0.8962098403631995,1.2140721489408826,-0.3290135557943674
TL_CH_to_ISL_G1_Y20_seed17,1.9959209091396144,1.0027936786812373,0.39820794378953395,-0.0016294894103305868,-1.322814142811544,-0.43940647300332786,2444,1164,1280,2.750572565450484,-0.7546516563108694,1.2140721489408826,-0.2112784702596453
TL_CH_to_ISL_G1_Y20_seed18,1.7556622836704379,0.9565422769551416,0.5343691420440477,0.0886351672583785,-0.061698592917616014,-0.28642092456575485,2444,1164,1280,2.750572565450484,-0.9949102817800459,1.2140721489408826,-0.25752987198574095
TL_CH_to_ISL_G1_Y20_seed19,1.4107123314789185,0.7749581601583461,0.6993669517850194,0.40180822349772793,-0.15468178950634198,-0.07232350073754787,2444,1164,1280,2.750572565450484,-1.3398602339715653,1.2140721489408826,-0.4391139887825365
TL_CH_to_ISL_G1_Y20_seed2,1.8031510759182694,0.9299517906098914,0.5088388294824968,0.13860013963029116,-0.34274316947791994,-0.1507995284628123,2444,1164,1280,2.750572565450484,-0.9474214895322144,1.2140721489408826,-0.28412035833099114
TL_CH_to_ISL_G1_Y20_seed20,1.7556622836704379,0.9565422769551416,0.5343691420440477,0.0886351672583785,-0.061698592917616014,-0.28642092456575485,2444,1164,1280,2.750572565450484,-0.9949102817800459,1.2140721489408826,-0.25752987198574095
TL_CH_to_ISL_G1_Y20_seed3,1.8111220716498835,1.0167770839454855,0.5044867848292436,-0.029758596490145228,0.8908816649741733,0.4238203251734376,2444,1164,1280,2.750572565450484,-0.9394504938006003,1.2140721489408826,-0.19729506499539706
TL_CH_to_ISL_G1_Y20_seed4,1.9959209091396144,1.0027936786812373,0.39820794378953395,-0.0016294894103305868,-1.322814142811544,-0.43940647300332786,2444,1164,1280,2.750572565450484,-0.7546516563108694,1.2140721489408826,-0.2112784702596453
TL_CH_to_ISL_G1_Y20_seed5,1.589298505096752,0.8981179828489939,0.6184330551005872,0.19656506541579266,-0.5662962079713845,-0.38247492620721457,2444,1164,1280,2.750572565450484,-1.1612740603537317,1.2140721489408826,-0.31595416609188864
TL_CH_to_ISL_G1_Y20_seed6,1.7201434121690404,0.957889837652385,0.5530189534566521,0.08606552755488484,0.31633901340035636,-0.2233955769566819,2444,1164,1280,2.750572565450484,-1.0304291532814434,1.2140721489408826,-0.25618231128849756
TL_CH_to_ISL_G1_Y20_seed7,1.8391969593503952,0.8253931803435025,0.4890054413820347,0.3214127746921348,-0.7688164400941727,-0.190377008728683,2444,1164,1280,2.750572565450484,-0.9113756061000886,1.2140721489408826,-0.38867896859738005
TL_CH_to_ISL_G1_Y20_seed8,1.9959209091396144,1.0027936786812373,0.39820794378953395,-0.0016294894103305868,-1.322814142811544,-0.43940647300332786,2444,1164,1280,2.750572565450484,-0.7546516563108694,1.2140721489408826,-0.2112784702596453
TL_CH_to_ISL_G1_Y20_seed9,1.909348502279357,1.0324610107911711,0.44928081651683327,-0.06177194891749127,-1.1207957970317697,-0.6403268406167626,2444,1164,1280,2.750572565450484,-0.8412240631711267,1.2140721489408826,-0.18161113814971142
TL_CH_to_ISL_G1_Y2_seed1,3.1265828965738933,1.2011759151205759,-0.47672521550550817,-0.43713364922138953,-2.390565027946869,-0.633966453676112,2444,1164,1280,2.750572565450484,0.37601033112340954,1.2140721489408826,-0.01289623382030669
TL_CH_to_ISL_G1_Y2_seed10,2.0994651769871533,0.9090461936812563,0.33414886232836627,0.17689387687059166,-1.175150285292532,0.19513044029008597,2444,1164,1280,2.750572565450484,-0.6511073884633305,1.2140721489408826,-0.3050259552596263
TL_CH_to_ISL_G1_Y2_seed11,2.265419543715509,1.23128839629501,0.22472267752133857,-0.5100923254770906,-1.4711798547264636,-0.7303776938701049,2444,1164,1280,2.750572565450484,-0.48515302173497465,1.2140721489408826,0.017216247354127523
TL_CH_to_ISL_G1_Y2_seed12,2.224669968596537,1.1040187610265466,0.25236266734748447,-0.21405072945362802,-0.8898522204805895,-0.3917999574448913,2444,1164,1280,2.750572565450484,-0.5259025968539466,1.2140721489408826,-0.11005338791433594
TL_CH_to_ISL_G1_Y2_seed13,2.8666175413507435,1.2435512988221946,-0.2413644476122141,-0.5403213599978993,-2.0036413751516964,-0.7475688985781744,2444,1164,1280,2.750572565450484,0.11604497590025975,1.2140721489408826,0.02947914988131206
TL_CH_to_ISL_G1_Y2_seed14,2.265419543715509,1.23128839629501,0.22472267752133857,-0.5100923254770906,-1.4711798547264636,-0.7303776938701049,2444,1164,1280,2.750572565450484,-0.48515302173497465,1.2140721489408826,0.017216247354127523
TL_CH_to_ISL_G1_Y2_seed15,2.6466713486575246,1.103483374199067,-0.058180677388890656,-0.21287352271055227,-1.751809062391417,-0.5264757734024897,2444,1164,1280,2.750572565450484,-0.10390121679295916,1.2140721489408826,-0.1105887747418155
TL_CH_to_ISL_G1_Y2_seed16,1.9676660957098497,1.0253781659533137,0.4151256171212192,-0.047254072808529335,-0.7512864834305757,-0.36332957081031053,2444,1164,1280,2.750572565450484,-0.782906469740634,1.2140721489408826,-0.1886939829875689
TL_CH_to_ISL_G1_Y2_seed17,2.4140565006287145,1.0074376767777624,0.11965144453415832,-0.010928184409364494,-1.3227864053753233,-0.24107362099457533,2444,1164,1280,2.750572565450484,-0.3365160648217693,1.2140721489408826,-0.20663447216312014
TL_CH_to_ISL_G1_Y2_seed18,2.8666175413507435,1.2435512988221946,-0.2413644476122141,-0.5403213599978993,-2.0036413751516964,-0.7475688985781744,2444,1164,1280,2.750572565450484,0.11604497590025975,1.2140721489408826,0.02947914988131206
TL_CH_to_ISL_G1_Y2_seed19,2.086684926288501,1.1857622215557704,0.3422307714920141,-0.40048720758887346,-0.9522826475222496,-0.6874026728095487,2444,1164,1280,2.750572565450484,-0.6638876391619828,1.2140721489408826,-0.028309927385112177
TL_CH_to_ISL_G1_Y2_seed2,2.2811965009113395,0.9744044402857166,0.21388661948347443,0.05428030012666685,-1.2069340895387726,-0.04141908080782741,2444,1164,1280,2.750572565450484,-0.46937606453914427,1.2140721489408826,-0.23966770865516596
TL_CH_to_ISL_G1_Y2_seed20,2.8666175413507435,1.2435512988221946,-0.2413644476122141,-0.5403213599978993,-2.0036413751516964,-0.7475688985781744,2444,1164,1280,2.750572565450484,0.11604497590025975,1.2140721489408826,0.02947914988131206
TL_CH_to_ISL_G1_Y2_seed3,2.2811965009113395,0.9744044402857166,0.21388661948347443,0.05428030012666685,-1.2069340895387726,-0.04141908080782741,2444,1164,1280,2.750572565450484,-0.46937606453914427,1.2140721489408826,-0.23966770865516596
TL_CH_to_ISL_G1_Y2_seed4,2.4140565006287145,1.0074376767777624,0.11965144453415832,-0.010928184409364494,-1.3227864053753233,-0.24107362099457533,2444,1164,1280,2.750572565450484,-0.3365160648217693,1.2140721489408826,-0.20663447216312014
TL_CH_to_ISL_G1_Y2_seed5,2.1736387576965246,0.9820279961324084,0.2862690437390377,0.039424146982109276,-0.8877902606764609,0.05150206577964127,2444,1164,1280,2.750572565450484,-0.5769338077539592,1.2140721489408826,-0.23204415280847412
TL_CH_to_ISL_G1_Y2_seed6,3.1265828965738933,1.2011759151205759,-0.47672521550550817,-0.43713364922138953,-2.390565027946869,-0.633966453676112,2444,1164,1280,2.750572565450484,0.37601033112340954,1.2140721489408826,-0.01289623382030669
TL_CH_to_ISL_G1_Y2_seed7,2.6466713486575246,1.103483374199067,-0.058180677388890656,-0.21287352271055227,-1.751809062391417,-0.5264757734024897,2444,1164,1280,2.750572565450484,-0.10390121679295916,1.2140721489408826,-0.1105887747418155
TL_CH_to_ISL_G1_Y2_seed8,2.5878518372594583,1.377707269441108,-0.011669392692281066,-0.8905920483719276,-1.5824473410127908,-0.9237285456620157,2444,1164,1280,2.750572565450484,-0.16272072819102545,1.2140721489408826,0.16363512050022555
TL_CH_to_ISL_G1_Y2_seed9,2.1599012350736286,1.0477094643188762,0.295262176909433,-0.09336624294187867,-0.6243741433696239,-0.5248443671502173,2444,1164,1280,2.750572565450484,-0.5906713303768552,1.2140721489408826,-0.16636268462200632
TL_CH_to_ISL_G1_Y30_seed1,1.5675532548132727,1.0383516466481975,0.6288030464559167,-0.07392224649623791,-0.7920724110505015,-0.5763811738463118,2444,1164,1280,2.750572565450484,-1.183019310637211,1.2140721489408826,-0.1757205022926851
TL_CH_to_ISL_G1_Y30_seed10,1.7770971473858157,0.9774374063965426,0.5229299701516754,0.04838377559622975,-0.9912456447879473,-0.5805082579841837,2444,1164,1280,2.750572565450484,-0.9734754180646681,1.2140721489408826,-0.23663474254433992
TL_CH_to_ISL_G1_Y30_seed11,1.8543157727946642,0.9481127062750926,0.48056981952120326,0.1046272747713839,0.7283552460039604,0.23681931856554,2444,1164,1280,2.750572565450484,-0.8962567926558196,1.2140721489408826,-0.26595944266578997
TL_CH_to_ISL_G1_Y30_seed12,1.5412477183791709,1.013005990145903,0.6411568268466392,-0.022134280477648982,-0.6670581531483692,-0.529075083322823,2444,1164,1280,2.750572565450484,-1.209324847071313,1.2140721489408826,-0.20106615879497958
TL_CH_to_ISL_G1_Y30_seed13,2.039022253115751,0.9826608988394602,0.3719362527001081,0.03818559376796593,-0.3888417386363462,-0.276114298007451,2444,1164,1280,2.750572565450484,-0.7115503123347326,1.2140721489408826,-0.23141125010142238
TL_CH_to_ISL_G1_Y30_seed14,1.8543157727946642,0.9481127062750926,0.48056981952120326,0.1046272747713839,0.7283552460039604,0.23681931856554,2444,1164,1280,2.750572565450484,-0.8962567926558196,1.2140721489408826,-0.26595944266578997
TL_CH_to_ISL_G1_Y30_seed15,2.039022253115751,0.9826608988394602,0.3719362527001081,0.03818559376796593,-0.3888417386363462,-0.276114298007451,2444,1164,1280,2.750572565450484,-0.7115503123347326,1.2140721489408826,-0.23141125010142238
TL_CH_to_ISL_G1_Y30_seed16,1.5412477183791709,1.013005990145903,0.6411568268466392,-0.022134280477648982,-0.6670581531483692,-0.529075083322823,2444,1164,1280,2.750572565450484,-1.209324847071313,1.2140721489408826,-0.20106615879497958
TL_CH_to_ISL_G1_Y30_seed17,2.3532726954826386,1.00477617214055,0.16342610851631945,-0.005593787974240927,-1.363855066424383,-0.5728417986538261,2444,1164,1280,2.750572565450484,-0.39729986996784517,1.2140721489408826,-0.20929597680033263
TL_CH_to_ISL_G1_Y30_seed18,2.039022253115751,0.9826608988394602,0.3719362527001081,0.03818559376796593,-0.3888417386363462,-0.276114298007451,2444,1164,1280,2.750572565450484,-0.7115503123347326,1.2140721489408826,-0.23141125010142238
TL_CH_to_ISL_G1_Y30_seed19,1.5412477183791709,1.013005990145903,0.6411568268466392,-0.022134280477648982,-0.6670581531483692,-0.529075083322823,2444,1164,1280,2.750572565450484,-1.209324847071313,1.2140721489408826,-0.20106615879497958
TL_CH_to_ISL_G1_Y30_seed2,1.7770971473858157,0.9774374063965426,0.5229299701516754,0.04838377559622975,-0.9912456447879473,-0.5805082579841837,2444,1164,1280,2.750572565450484,-0.9734754180646681,1.2140721489408826,-0.23663474254433992
TL_CH_to_ISL_G1_Y30_seed20,2.039022253115751,0.9826608988394602,0.3719362527001081,0.03818559376796593,-0.3888417386363462,-0.276114298007451,2444,1164,1280,2.750572565450484,-0.7115503123347326,1.2140721489408826,-0.23141125010142238
TL_CH_to_ISL_G1_Y30_seed3,1.7770971473858157,0.9774374063965426,0.5229299701516754,0.04838377559622975,-0.9912456447879473,-0.5805082579841837,2444,1164,1280,2.750572565450484,-0.9734754180646681,1.2140721489408826,-0.23663474254433992
TL_CH_to_ISL_G1_Y30_seed4,2.3532726954826386,1.00477617214055,0.16342610851631945,-0.005593787974240927,-1.363855066424383,-0.5728417986538261,2444,1164,1280,2.750572565450484,-0.39729986996784517,1.2140721489408826,-0.20929597680033263
TL_CH_to_ISL_G1_Y30_seed5,2.3532726954826386,1.00477617214055,0.16342610851631945,-0.005593787974240927,-1.363855066424383,-0.5728417986538261,2444,1164,1280,2.750572565450484,-0.39729986996784517,1.2140721489408826,-0.20929597680033263
TL_CH_to_ISL_G1_Y30_seed6,1.5675532548132727,1.0383516466481975,0.6288030464559167,-0.07392224649623791,-0.7920724110505015,-0.5763811738463118,2444,1164,1280,2.750572565450484,-1.183019310637211,1.2140721489408826,-0.1757205022926851
TL_CH_to_ISL_G1_Y30_seed7,2.039022253115751,0.9826608988394602,0.3719362527001081,0.03818559376796593,-0.3888417386363462,-0.276114298007451,2444,1164,1280,2.750572565450484,-0.7115503123347326,1.2140721489408826,-0.23141125010142238
TL_CH_to_ISL_G1_Y30_seed8,2.3532726954826386,1.00477617214055,0.16342610851631945,-0.005593787974240927,-1.363855066424383,-0.5728417986538261,2444,1164,1280,2.750572565450484,-0.39729986996784517,1.2140721489408826,-0.20929597680033263
TL_CH_to_ISL_G1_Y30_seed9,1.5675532548132727,1.0383516466481975,0.6288030464559167,-0.07392224649623791,-0.7920724110505015,-0.5763811738463118,2444,1164,1280,2.750572565450484,-1.183019310637211,1.2140721489408826,-0.1757205022926851
TL_CH_to_ISL_G1_Y35_seed1,1.907441212150497,0.9414009268659455,0.45038051794559664,0.11725926064280912,0.8625713121081955,0.22053773088846357,2444,1164,1280,2.750572565450484,-0.8431313532999869,1.2140721489408826,-0.2726712220749371
TL_CH_to_ISL_G1_Y35_seed10,1.5242148296125988,0.9293555354516173,0.6490444130704114,0.139704389245912,0.13918877800100857,0.042353789205662906,2444,1164,1280,2.750572565450484,-1.226357735837885,1.2140721489408826,-0.28471661348926525
TL_CH_to_ISL_G1_Y35_seed11,1.6086192530787506,0.8884480636089378,0.6090994156324601,0.2137728852390154,0.7160905382221507,0.1288991828681901,2444,1164,1280,2.750572565450484,-1.1419533123717331,1.2140721489408826,-0.32562408533194476
TL_CH_to_ISL_G1_Y35_seed12,1.907441212150497,0.9414009268659455,0.45038051794559664,0.11725926064280912,0.8625713121081955,0.22053773088846357,2444,1164,1280,2.750572565450484,-0.8431313532999869,1.2140721489408826,-0.2726712220749371
TL_CH_to_ISL_G1_Y35_seed13,1.5242148296125988,0.9293555354516173,0.6490444130704114,0.139704389245912,0.13918877800100857,0.042353789205662906,2444,1164,1280,2.750572565450484,-1.226357735837885,1.2140721489408826,-0.28471661348926525
TL_CH_to_ISL_G1_Y35_seed14,1.6086192530787506,0.8884480636089378,0.6090994156324601,0.2137728852390154,0.7160905382221507,0.1288991828681901,2444,1164,1280,2.750572565450484,-1.1419533123717331,1.2140721489408826,-0.32562408533194476
TL_CH_to_ISL_G1_Y35_seed15,1.5242148296125988,0.9293555354516173,0.6490444130704114,0.139704389245912,0.13918877800100857,0.042353789205662906,2444,1164,1280,2.750572565450484,-1.226357735837885,1.2140721489408826,-0.28471661348926525
TL_CH_to_ISL_G1_Y35_seed16,1.907441212150497,0.9414009268659455,0.45038051794559664,0.11725926064280912,0.8625713121081955,0.22053773088846357,2444,1164,1280,2.750572565450484,-0.8431313532999869,1.2140721489408826,-0.2726712220749371
TL_CH_to_ISL_G1_Y35_seed17,1.5242148296125988,0.9293555354516173,0.6490444130704114,0.139704389245912,0.13918877800100857,0.042353789205662906,2444,1164,1280,2.750572565450484,-1.226357735837885,1.2140721489408826,-0.28471661348926525
TL_CH_to_ISL_G1_Y35_seed18,1.5242148296125988,0.9293555354516173,0.6490444130704114,0.139704389245912,0.13918877800100857,0.042353789205662906,2444,1164,1280,2.750572565450484,-1.226357735837885,1.2140721489408826,-0.28471661348926525
TL_CH_to_ISL_G1_Y35_seed19,1.907441212150497,0.9414009268659455,0.45038051794559664,0.11725926064280912,0.8625713121081955,0.22053773088846357,2444,1164,1280,2.750572565450484,-0.8431313532999869,1.2140721489408826,-0.2726712220749371
TL_CH_to_ISL_G1_Y35_seed2,1.5242148296125988,0.9293555354516173,0.6490444130704114,0.139704389245912,0.13918877800100857,0.042353789205662906,2444,1164,1280,2.750572565450484,-1.226357735837885,1.2140721489408826,-0.28471661348926525
TL_CH_to_ISL_G1_Y35_seed20,1.5242148296125988,0.9293555354516173,0.6490444130704114,0.139704389245912,0.13918877800100857,0.042353789205662906,2444,1164,1280,2.750572565450484,-1.226357735837885,1.2140721489408826,-0.28471661348926525
TL_CH_to_ISL_G1_Y35_seed3,1.5242148296125988,0.9293555354516173,0.6490444130704114,0.139704389245912,0.13918877800100857,0.042353789205662906,2444,1164,1280,2.750572565450484,-1.226357735837885,1.2140721489408826,-0.28471661348926525
TL_CH_to_ISL_G1_Y35_seed4,1.5242148296125988,0.9293555354516173,0.6490444130704114,0.139704389245912,0.13918877800100857,0.042353789205662906,2444,1164,1280,2.750572565450484,-1.226357735837885,1.2140721489408826,-0.28471661348926525
TL_CH_to_ISL_G1_Y35_seed5,1.5242148296125988,0.9293555354516173,0.6490444130704114,0.139704389245912,0.13918877800100857,0.042353789205662906,2444,1164,1280,2.750572565450484,-1.226357735837885,1.2140721489408826,-0.28471661348926525
TL_CH_to_ISL_G1_Y35_seed6,1.907441212150497,0.9414009268659455,0.45038051794559664,0.11725926064280912,0.8625713121081955,0.22053773088846357,2444,1164,1280,2.750572565450484,-0.8431313532999869,1.2140721489408826,-0.2726712220749371
TL_CH_to_ISL_G1_Y35_seed7,1.5242148296125988,0.9293555354516173,0.6490444130704114,0.139704389245912,0.13918877800100857,0.042353789205662906,2444,1164,1280,2.750572565450484,-1.226357735837885,1.2140721489408826,-0.28471661348926525
TL_CH_to_ISL_G1_Y35_seed8,1.5242148296125988,0.9293555354516173,0.6490444130704114,0.139704389245912,0.13918877800100857,0.042353789205662906,2444,1164,1280,2.750572565450484,-1.226357735837885,1.2140721489408826,-0.28471661348926525
TL_CH_to_ISL_G1_Y35_seed9,1.907441212150497,0.9414009268659455,0.45038051794559664,0.11725926064280912,0.8625713121081955,0.22053773088846357,2444,1164,1280,2.750572565450484,-0.8431313532999869,1.2140721489408826,-0.2726712220749371
TL_CH_to_ISL_G1_Y3_seed1,2.182866758289822,1.1815319726447089,0.28019601023568086,-0.39051245614790653,-1.304553190713486,-0.7164272817084566,2444,1164,1280,2.750572565450484,-0.567705807160662,1.2140721489408826,-0.03254017629617367
TL_CH_to_ISL_G1_Y3_seed10,1.8041098611275435,0.9539002740932357,0.5083163627052852,0.09366265700236165,-0.2896998527482203,0.27547627142630515,2444,1164,1280,2.750572565450484,-0.9464627043229403,1.2140721489408826,-0.2601718748476468
TL_CH_to_ISL_G1_Y3_seed11,2.4447159698823713,1.1817024554342148,0.09714789687012837,-0.390913758102303,-1.6721380786951054,-0.6591837661340832,2444,1164,1280,2.750572565450484,-0.3058565955681125,1.2140721489408826,-0.03236969350666774
TL_CH_to_ISL_G1_Y3_seed12,1.9355659429453775,0.9259901713061365,0.43405303036090104,0.14592367961933317,-0.8368873111519617,-0.22379736995790153,2444,1164,1280,2.750572565450484,-0.8150066225051062,1.2140721489408826,-0.2880819776347461
TL_CH_to_ISL_G1_Y3_seed13,2.7381608552976506,1.173578133675683,-0.1326030061545469,-0.37185416191980614,-1.8682498905001228,-0.6782051879446953,2444,1164,1280,2.750572565450484,-0.012411710152833155,1.2140721489408826,-0.04049401526519958
TL_CH_to_ISL_G1_Y3_seed14,2.4447159698823713,1.1817024554342148,0.09714789687012837,-0.390913758102303,-1.6721380786951054,-0.6591837661340832,2444,1164,1280,2.750572565450484,-0.3058565955681125,1.2140721489408826,-0.03236969350666774
TL_CH_to_ISL_G1_Y3_seed15,2.684328997796455,1.1082270573400994,-0.08850713685159528,-0.22332380123442563,-1.7180441307908891,-0.5115906205261126,2444,1164,1280,2.750572565450484,-0.06624356765402872,1.2140721489408826,-0.10584509160078315
TL_CH_to_ISL_G1_Y3_seed16,1.8122267981535256,0.9414440392167008,0.5038821060607346,0.11717840688810377,-0.4360605031763975,-0.13862427847925574,2444,1164,1280,2.750572565450484,-0.9383457672969582,1.2140721489408826,-0.2726281097241817
TL_CH_to_ISL_G1_Y3_seed17,2.481594123716637,0.9801135690592615,0.06970368823417872,0.04316571023972271,-1.4233731472563906,-0.12096939282491803,2444,1164,1280,2.750572565450484,-0.268978441733847,1.2140721489408826,-0.23395857988162105
TL_CH_to_ISL_G1_Y3_seed18,2.7381608552976506,1.173578133675683,-0.1326030061545469,-0.37185416191980614,-1.8682498905001228,-0.6782051879446953,2444,1164,1280,2.750572565450484,-0.012411710152833155,1.2140721489408826,-0.04049401526519958
TL_CH_to_ISL_G1_Y3_seed19,2.047333587088668,1.0920379909206495,0.3668056697783174,-0.18784403646048253,-0.8201503704247606,-0.5115341470343993,2444,1164,1280,2.750572565450484,-0.7032389783618158,1.2140721489408826,-0.1220341580202331
TL_CH_to_ISL_G1_Y3_seed2,2.3357863873289673,1.0327944595544563,0.17581246649577498,-0.06245789000751989,-1.3108630300950759,0.15677515119314195,2444,1164,1280,2.750572565450484,-0.4147861781215165,1.2140721489408826,-0.1812776893864263
TL_CH_to_ISL_G1_Y3_seed20,2.7381608552976506,1.173578133675683,-0.1326030061545469,-0.37185416191980614,-1.8682498905001228,-0.6782051879446953,2444,1164,1280,2.750572565450484,-0.012411710152833155,1.2140721489408826,-0.04049401526519958
TL_CH_to_ISL_G1_Y3_seed3,2.3357863873289673,1.0327944595544563,0.17581246649577498,-0.06245789000751989,-1.3108630300950759,0.15677515119314195,2444,1164,1280,2.750572565450484,-0.4147861781215165,1.2140721489408826,-0.1812776893864263
TL_CH_to_ISL_G1_Y3_seed4,2.481594123716637,0.9801135690592615,0.06970368823417872,0.04316571023972271,-1.4233731472563906,-0.12096939282491803,2444,1164,1280,2.750572565450484,-0.268978441733847,1.2140721489408826,-0.23395857988162105
TL_CH_to_ISL_G1_Y3_seed5,2.3173994371514812,0.9658337660848405,0.1887371492154195,0.07084387082721888,-1.2037337919332318,-0.20168276249896736,2444,1164,1280,2.750572565450484,-0.43317312829900256,1.2140721489408826,-0.24823838285604205
TL_CH_to_ISL_G1_Y3_seed6,2.182866758289822,1.1815319726447089,0.28019601023568086,-0.39051245614790653,-1.304553190713486,-0.7164272817084566,2444,1164,1280,2.750572565450484,-0.567705807160662,1.2140721489408826,-0.03254017629617367
TL_CH_to_ISL_G1_Y3_seed7,2.684328997796455,1.1082270573400994,-0.08850713685159528,-0.22332380123442563,-1.7180441307908891,-0.5115906205261126,2444,1164,1280,2.750572565450484,-0.06624356765402872,1.2140721489408826,-0.10584509160078315
TL_CH_to_ISL_G1_Y3_seed8,2.681471495324152,1.2627718963074774,-0.0861909108594161,-0.5883044137813063,-1.7528265224596888,-0.7631384418113157,2444,1164,1280,2.750572565450484,-0.06910107012633171,1.2140721489408826,0.04869974736659488
TL_CH_to_ISL_G1_Y3_seed9,2.040322310772343,1.0261124500696703,0.3711351046165605,-0.04875450922324176,-0.6322686508093093,-0.4444722093641758,2444,1164,1280,2.750572565450484,-0.7102502546781406,1.2140721489408826,-0.18795969887121222
TL_CH_to_ISL_G1_Y5_seed1,2.4100532914264314,1.125708355344838,0.12256877256363685,-0.26222188579041283,-1.7324607782193886,-0.6329133978812024,2444,1164,1280,2.750572565450484,-0.34051927402405235,1.2140721489408826,-0.08836379359604463
TL_CH_to_ISL_G1_Y5_seed10,2.3128754132397997,1.053755600078494,0.1919015498137836,-0.10602187955202247,-1.1261688654160582,0.1045593643328175,2444,1164,1280,2.750572565450484,-0.43769715221068406,1.2140721489408826,-0.16031654886238855
TL_CH_to_ISL_G1_Y5_seed11,1.8227897865683864,1.1217171340952359,0.498081772155361,-0.2532872874701082,-1.0090560938433273,-0.6289218706544488,2444,1164,1280,2.750572565450484,-0.9277827788820974,1.2140721489408826,-0.09235501484564668
TL_CH_to_ISL_G1_Y5_seed12,1.9272471764446057,1.1330909038742083,0.4389072835768716,-0.27883181854374417,-0.45435098486974884,-0.6019457740010694,2444,1164,1280,2.750572565450484,-0.823325389005878,1.2140721489408826,-0.08098124506667426
TL_CH_to_ISL_G1_Y5_seed13,2.732063538998324,1.1240284325612881,-0.12756447832558426,-0.25845740611073653,-1.7707305164476441,-0.5091469390317798,2444,1164,1280,2.750572565450484,-0.018509026452159905,1.2140721489408826,-0.09004371637959441
TL_CH_to_ISL_G1_Y5_seed14,1.8227897865683864,1.1217171340952359,0.498081772155361,-0.2532872874701082,-1.0090560938433273,-0.6289218706544488,2444,1164,1280,2.750572565450484,-0.9277827788820974,1.2140721489408826,-0.09235501484564668
TL_CH_to_ISL_G1_Y5_seed15,2.7379524593914986,1.2166354676963536,-0.1324306124491561,-0.474364526139496,-1.8274950837505233,-0.7521507902769372,2444,1164,1280,2.750572565450484,-0.012620106058985225,1.2140721489408826,0.002563318755471
TL_CH_to_ISL_G1_Y5_seed16,1.6405715476048788,0.9895753430023434,0.5934161296909669,0.024602455046945693,0.25907304340211795,0.29385643734131006,2444,1164,1280,2.750572565450484,-1.110001017845605,1.2140721489408826,-0.22449680593853916
TL_CH_to_ISL_G1_Y5_seed17,2.7219438421337836,1.3547426141405292,-0.11922684062174849,-0.8280897391299111,-1.773543468839729,-0.8879604024346918,2444,1164,1280,2.750572565450484,-0.02862872331670019,1.2140721489408826,0.14067046519964665
TL_CH_to_ISL_G1_Y5_seed18,2.732063538998324,1.1240284325612881,-0.12756447832558426,-0.25845740611073653,-1.7707305164476441,-0.5091469390317798,2444,1164,1280,2.750572565450484,-0.018509026452159905,1.2140721489408826,-0.09004371637959441
TL_CH_to_ISL_G1_Y5_seed19,1.9272471764446057,1.1330909038742083,0.4389072835768716,-0.27883181854374417,-0.45435098486974884,-0.6019457740010694,2444,1164,1280,2.750572565450484,-0.823325389005878,1.2140721489408826,-0.08098124506667426
TL_CH_to_ISL_G1_Y5_seed2,2.055932251889076,1.0188920139246618,0.36147575249811326,-0.03404691568912699,-0.7355588274620652,0.29145893775857984,2444,1164,1280,2.750572565450484,-0.6946403135614077,1.2140721489408826,-0.19518013501622078
TL_CH_to_ISL_G1_Y5_seed20,2.732063538998324,1.1240284325612881,-0.12756447832558426,-0.25845740611073653,-1.7707305164476441,-0.5091469390317798,2444,1164,1280,2.750572565450484,-0.018509026452159905,1.2140721489408826,-0.09004371637959441
TL_CH_to_ISL_G1_Y5_seed3,1.7884010534636452,0.959659315436113,0.5168414947324709,0.08268584782851762,-0.373310230569946,0.3222222320269793,2444,1164,1280,2.750572565450484,-0.9621715119868386,1.2140721489408826,-0.2544128335047695
TL_CH_to_ISL_G1_Y5_seed4,2.7219438421337836,1.3547426141405292,-0.11922684062174849,-0.8280897391299111,-1.773543468839729,-0.8879604024346918,2444,1164,1280,2.750572565450484,-0.02862872331670019,1.2140721489408826,0.14067046519964665
TL_CH_to_ISL_G1_Y5_seed5,2.4230794162118046,1.0136780208557439,0.11305826381641004,-0.023490903202888935,-1.303204835075693,-0.1846290943911299,2444,1164,1280,2.750572565450484,-0.3274931492386792,1.2140721489408826,-0.20039412808513868
TL_CH_to_ISL_G1_Y5_seed6,1.8444794400365707,1.0288281390436367,0.48606590266638117,-0.054313081108249506,-0.3690767696325722,-0.37748762376140804,2444,1164,1280,2.750572565450484,-0.9060931254139131,1.2140721489408826,-0.18524400989724588
TL_CH_to_ISL_G1_Y5_seed7,2.7379524593914986,1.2166354676963536,-0.1324306124491561,-0.474364526139496,-1.8274950837505233,-0.7521507902769372,2444,1164,1280,2.750572565450484,-0.012620106058985225,1.2140721489408826,0.002563318755471
TL_CH_to_ISL_G1_Y5_seed8,2.7219438421337836,1.3547426141405292,-0.11922684062174849,-0.8280897391299111,-1.773543468839729,-0.8879604024346918,2444,1164,1280,2.750572565450484,-0.02862872331670019,1.2140721489408826,0.14067046519964665
TL_CH_to_ISL_G1_Y5_seed9,1.8444794400365707,1.0288281390436367,0.48606590266638117,-0.054313081108249506,-0.3690767696325722,-0.37748762376140804,2444,1164,1280,2.750572565450484,-0.9060931254139131,1.2140721489408826,-0.18524400989724588
TL_CH_to_ISL_G20_Y10_seed1,1.2614887884168384,0.7143797410359312,0.7596043608968974,0.4916741599807256,-0.07648103842927828,-0.07248387304134667,2444,1164,1280,2.750572565450484,-1.4890837770336454,1.2140721489408826,-0.4996924079049514
TL_CH_to_ISL_G20_Y10_seed10,1.2718131192527604,0.7100382444892974,0.755653346083995,0.49783387806015555,-0.19988221178452173,-0.050405396171845494,2444,1164,1280,2.750572565450484,-1.4787594461977234,1.2140721489408826,-0.5040339044515851
TL_CH_to_ISL_G20_Y10_seed11,1.1549529088212402,0.7156104364660789,0.7984938297856806,0.48992121788940457,-0.014458577145415893,-0.08709371613804251,2444,1164,1280,2.750572565450484,-1.5956196566292435,1.2140721489408826,-0.49846171247480364
TL_CH_to_ISL_G20_Y10_seed12,1.3421067700894023,0.7217020587251345,0.727896624567869,0.48120018161118505,-0.25852755324025334,-0.0891734381671995,2444,1164,1280,2.750572565450484,-1.4084657953610815,1.2140721489408826,-0.49237009021574807
TL_CH_to_ISL_G20_Y10_seed13,1.1841554106476861,0.7002909961902256,0.7881750061835733,0.5115264952538134,-0.08614505952883422,-0.027683300082571805,2444,1164,1280,2.750572565450484,-1.5664171548027976,1.2140721489408826,-0.5137811527506569
TL_CH_to_ISL_G20_Y10_seed14,1.1841554106476861,0.7002909961902256,0.7881750061835733,0.5115264952538134,-0.08614505952883422,-0.027683300082571805,2444,1164,1280,2.750572565450484,-1.5664171548027976,1.2140721489408826,-0.5137811527506569
TL_CH_to_ISL_G20_Y10_seed15,1.2216604702504532,0.6869846641909451,0.7745444981733782,0.5299132485440754,-0.07929542880902175,-0.06379912893753499,2444,1164,1280,2.750572565450484,-1.5289120952000306,1.2140721489408826,-0.5270874847499375
TL_CH_to_ISL_G20_Y10_seed16,1.1549529088212402,0.7156104364660789,0.7984938297856806,0.48992121788940457,-0.014458577145415893,-0.08709371613804251,2444,1164,1280,2.750572565450484,-1.5956196566292435,1.2140721489408826,-0.49846171247480364
TL_CH_to_ISL_G20_Y10_seed17,1.3060981035084422,0.7107397272886217,0.7423017954669291,0.49684115715284116,-0.2526848145418151,-0.07692719041369855,2444,1164,1280,2.750572565450484,-1.4444744619420415,1.2140721489408826,-0.5033324216522609
TL_CH_to_ISL_G20_Y10_seed18,1.2015535883997572,0.7138890187117239,0.7819048114730731,0.49237227933722627,-0.006380508420188812,-0.02023960663937032,2444,1164,1280,2.750572565450484,-1.5490189770507266,1.2140721489408826,-0.5001831302291586
TL_CH_to_ISL_G20_Y10_seed19,1.2080324944469114,0.734014035380367,0.7795464850154701,0.4633481193053839,-0.10976639704913208,-0.11099047749303281,2444,1164,1280,2.750572565450484,-1.5425400710035724,1.2140721489408826,-0.48005811356051553
TL_CH_to_ISL_G20_Y10_seed2,1.2718131192527604,0.7100382444892974,0.755653346083995,0.49783387806015555,-0.19988221178452173,-0.050405396171845494,2444,1164,1280,2.750572565450484,-1.4787594461977234,1.2140721489408826,-0.5040339044515851
TL_CH_to_ISL_G20_Y10_seed20,1.2822735336787887,0.7068201628222273,0.751617409686722,0.5023754629867633,-0.2531698430373087,-0.07031001385767013,2444,1164,1280,2.750572565450484,-1.468299031771695,1.2140721489408826,-0.5072519861186553
TL_CH_to_ISL_G20_Y10_seed3,1.255020516096381,0.7414523930256093,0.7620632935339643,0.45241635359463805,-0.12662525408456415,-0.06146025019697845,2444,1164,1280,2.750572565450484,-1.4955520493541028,1.2140721489408826,-0.4726197559152733
TL_CH_to_ISL_G20_Y10_seed4,1.295947847264345,0.7178282387765424,0.7462916013180279,0.4867546713413997,-0.14455244779791618,-0.043247390748001636,2444,1164,1280,2.750572565450484,-1.4546247181861387,1.2140721489408826,-0.4962439101643401
TL_CH_to_ISL_G20_Y10_seed5,1.2748254671419563,0.698926215318513,0.7544944827123469,0.5134285893284878,-0.2160681871972543,-0.08315049984958023,2444,1164,1280,2.750572565450484,-1.4757470983085275,1.2140721489408826,-0.5151459336223696
TL_CH_to_ISL_G20_Y10_seed6,1.3385595573280293,0.7274658392889775,0.7293330721818353,0.47288043556084125,-0.18552304955384985,-0.06045700726099312,2444,1164,1280,2.750572565450484,-1.4120130081224544,1.2140721489408826,-0.4866063096519051
TL_CH_to_ISL_G20_Y10_seed7,1.2080324944469114,0.734014035380367,0.7795464850154701,0.4633481193053839,-0.10976639704913208,-0.11099047749303281,2444,1164,1280,2.750572565450484,-1.5425400710035724,1.2140721489408826,-0.48005811356051553
TL_CH_to_ISL_G20_Y10_seed8,1.2062648522245558,0.7512138175295885,0.7801911660865308,0.43790326559466464,-0.16501538716640668,-0.10424050583969802,2444,1164,1280,2.750572565450484,-1.544307713225928,1.2140721489408826,-0.46285833141129407
TL_CH_to_ISL_G20_Y10_seed9,1.2822735336787887,0.7068201628222273,0.751617409686722,0.5023754629867633,-0.2531698430373087,-0.07031001385767013,2444,1164,1280,2.750572565450484,-1.468299031771695,1.2140721489408826,-0.5072519861186553
TL_CH_to_ISL_G20_Y1_seed1,1.6001798633563407,0.9817910890363233,0.6131902638576214,0.039887554924317836,0.15698709044464676,0.3889059394830838,2444,1164,1280,2.750572565450484,-1.1503927020941431,1.2140721489408826,-0.23228105990455927
TL_CH_to_ISL_G20_Y1_seed10,1.4582413157545249,0.9151177340649886,0.6787681546847257,0.16586206928193092,-0.17630984631600657,0.23749495937954634,2444,1164,1280,2.750572565450484,-1.292331249695959,1.2140721489408826,-0.2989544148758939
TL_CH_to_ISL_G20_Y1_seed11,1.527615921854814,0.8733684552619235,0.6474764398156065,0.24023561651926606,-0.039488569823736996,0.15833575213328005,2444,1164,1280,2.750572565450484,-1.2229566435956698,1.2140721489408826,-0.34070369367895903
TL_CH_to_ISL_G20_Y1_seed12,1.592093221056987,0.8256357568408951,0.6170899357151108,0.3210138532934712,0.2740642987831761,-0.01897696014493704,2444,1164,1280,2.750572565450484,-1.1584793443934969,1.2140721489408826,-0.3884363920999875
TL_CH_to_ISL_G20_Y1_seed13,1.3101036254544143,0.8256244452809669,0.7407187618450979,0.3210324579622077,0.23134688474878004,-0.035531145078130065,2444,1164,1280,2.750572565450484,-1.4404689399960695,1.2140721489408826,-0.38844770365991566
TL_CH_to_ISL_G20_Y1_seed14,1.6717366309912378,0.8365196266281765,0.5778220831813774,0.3029945130852352,-0.3845575499473159,-0.15273906483780592,2444,1164,1280,2.750572565450484,-1.078835934459246,1.2140721489408826,-0.3775525223127061
TL_CH_to_ISL_G20_Y1_seed15,2.1272822641815057,0.9067008111439893,0.3163874398256451,0.1811357038569651,-0.46419793001257675,0.1120197151787579,2444,1164,1280,2.750572565450484,-0.6232903012689781,1.2140721489408826,-0.3073713377968933
TL_CH_to_ISL_G20_Y1_seed16,1.4681415242673115,0.9608004560873187,0.6743915705866734,0.0805029755880251,0.13020293598937005,0.3258887520059943,2444,1164,1280,2.750572565450484,-1.2824310411831723,1.2140721489408826,-0.2532716928535639
TL_CH_to_ISL_G20_Y1_seed17,2.038114175457236,0.9820221312869875,0.3724955439564168,0.03943562040668103,0.15969292942396143,0.19281078313942998,2444,1164,1280,2.750572565450484,-0.7124583899932477,1.2140721489408826,-0.2320500176538951
TL_CH_to_ISL_G20_Y1_seed18,1.729240984838465,0.9062271636378858,0.5482784231996412,0.1819910063393444,0.19188881173883518,-0.008561658300459385,2444,1164,1280,2.750572565450484,-1.021331580612019,1.2140721489408826,-0.30784498530299675
TL_CH_to_ISL_G20_Y1_seed19,1.5025801433492978,0.8258956918385401,0.658936624739571,0.3205862554247453,0.602127151749388,0.10026318149175495,2444,1164,1280,2.750572565450484,-1.247992422101186,1.2140721489408826,-0.3881764571023425
TL_CH_to_ISL_G20_Y1_seed2,1.5952433408573221,0.8708199656945641,0.61557318296853,0.24466313299699494,0.0035477965506901035,-0.15924029219895602,2444,1164,1280,2.750572565450484,-1.1553292245931617,1.2140721489408826,-0.34325218324631845
TL_CH_to_ISL_G20_Y1_seed20,1.430372046964093,0.8297930896489211,0.6909293086030129,0.3141588252103239,0.5157699196045751,0.19589871217031032,2444,1164,1280,2.750572565450484,-1.3202005184863908,1.2140721489408826,-0.3842790592919615
TL_CH_to_ISL_G20_Y1_seed3,1.4048298793703013,0.8362531349423493,0.7018689110686749,0.3034385351370028,0.01595303244709559,0.00223093347158283,2444,1164,1280,2.750572565450484,-1.3457426860801824,1.2140721489408826,-0.37781901399853324
TL_CH_to_ISL_G20_Y1_seed4,1.7694156187460737,1.011381754875611,0.5270453409972957,-0.018859165406081457,-0.05940268990100454,0.3186355242971331,2444,1164,1280,2.750572565450484,-0.9811569467044101,1.2140721489408826,-0.20269039406527156
TL_CH_to_ISL_G20_Y1_seed5,1.6397781248861274,0.8477632631489121,0.5938093034883949,0.28413173040138995,-0.062144619723161064,-0.07345265047624708,2444,1164,1280,2.750572565450484,-1.1107944405643564,1.2140721489408826,-0.3663088857919704
TL_CH_to_ISL_G20_Y1_seed6,2.064560884347149,0.9653626887752437,0.3561048043410062,0.07175002598885594,-0.4573741051851679,-0.006901911366730929,2444,1164,1280,2.750572565450484,-0.6860116811033348,1.2140721489408826,-0.24870946016563888
TL_CH_to_ISL_G20_Y1_seed7,1.863427161205659,0.9826078856099425,0.475452721779448,0.038289368147388814,-0.024847125500133356,0.17719969931058585,2444,1164,1280,2.750572565450484,-0.8871454042448248,1.2140721489408826,-0.23146426333094006
TL_CH_to_ISL_G20_Y1_seed8,1.7606581474251566,0.8903761626681915,0.5317153992675301,0.21035666150678067,-0.6386337048562941,0.05077518147882074,2444,1164,1280,2.750572565450484,-0.9899144180253272,1.2140721489408826,-0.323695986272691
TL_CH_to_ISL_G20_Y1_seed9,1.3749287366087801,0.8473523632644258,0.7144250081961391,0.2848255064038977,0.3173693501713759,0.005463849753141403,2444,1164,1280,2.750572565450484,-1.3756438288417037,1.2140721489408826,-0.3667197856764568
TL_CH_to_ISL_G20_Y20_seed1,1.0429176247661691,0.7214190894969229,0.8356915840584787,0.4816069300815935,0.02480570536708504,-0.11444521604571492,2444,1164,1280,2.750572565450484,-1.7076549406843147,1.2140721489408826,-0.49265305944395965
TL_CH_to_ISL_G20_Y20_seed10,1.164748616068978,0.703923093727093,0.7950611942003818,0.5064463660711591,-0.1940385318294014,-0.1180155516602099,2444,1164,1280,2.750572565450484,-1.5858239493815058,1.2140721489408826,-0.5101490552137895
TL_CH_to_ISL_G20_Y20_seed11,1.0743560552607245,0.7144612837409162,0.8256362234419956,0.49155810789443866,-0.21620484269976206,-0.13636876861564814,2444,1164,1280,2.750572565450484,-1.6762165101897593,1.2140721489408826,-0.49961086519996634
TL_CH_to_ISL_G20_Y20_seed12,1.057207309950655,0.6628377607988225,0.8311581470327598,0.5623787421699615,-0.02492878708950023,-0.138728670286946,2444,1164,1280,2.750572565450484,-1.6933652554998289,1.2140721489408826,-0.55123438814206
TL_CH_to_ISL_G20_Y20_seed13,1.2906573025590309,0.7386936889007409,0.748358838565213,0.456483535822627,-0.12199820552494928,-0.15775109285023065,2444,1164,1280,2.750572565450484,-1.459915262891453,1.2140721489408826,-0.4753784600401416
TL_CH_to_ISL_G20_Y20_seed14,1.2479444479734618,0.683816525016211,0.7647388034863275,0.5342390108430766,-0.2915107759925508,-0.21367444936186075,2444,1164,1280,2.750572565450484,-1.502628117477022,1.2140721489408826,-0.5302556239246715
TL_CH_to_ISL_G20_Y20_seed15,1.0524064821268944,0.6880872201596633,0.832688102823981,0.528403133709062,-0.26044342945941124,-0.20169902476482093,2444,1164,1280,2.750572565450484,-1.6981660833235894,1.2140721489408826,-0.5259849287812193
TL_CH_to_ISL_G20_Y20_seed16,1.287969970077606,0.7478755542658552,0.7494056531577483,0.44288788536190493,-0.13463852011768268,-0.0970016100211069,2444,1164,1280,2.750572565450484,-1.4626025953728778,1.2140721489408826,-0.4661965946750274
TL_CH_to_ISL_G20_Y20_seed17,1.194763698624315,0.6228432194166456,0.7843627263596002,0.6135961821691593,-0.15457582294531294,-0.11386622756253928,2444,1164,1280,2.750572565450484,-1.5558088668261687,1.2140721489408826,-0.591228929524237
TL_CH_to_ISL_G20_Y20_seed18,1.0995502564363173,0.767716933038666,0.8173624959746126,0.412935030729652,-0.141642194254087,-0.2022395484847948,2444,1164,1280,2.750572565450484,-1.6510223090141665,1.2140721489408826,-0.4463552159022166
TL_CH_to_ISL_G20_Y20_seed19,1.291426110737541,0.6697702698309346,0.7480589581817237,0.5531768572581102,0.0694978088652555,-0.1010291000828147,2444,1164,1280,2.750572565450484,-1.4591464547129427,1.2140721489408826,-0.544301879109948
TL_CH_to_ISL_G20_Y20_seed2,1.0852744677355355,0.6763720703322241,0.8220741837958568,0.5443249407763813,-0.009941724823512571,-0.16883187007624656,2444,1164,1280,2.750572565450484,-1.6652980977149483,1.2140721489408826,-0.5377000786086584
TL_CH_to_ISL_G20_Y20_seed20,1.091815101908879,0.6778311067469659,0.8199231068228152,0.5423569009329059,0.026937971486873234,-0.09290832481347025,2444,1164,1280,2.750572565450484,-1.6587574635416047,1.2140721489408826,-0.5362410421939167
TL_CH_to_ISL_G20_Y20_seed3,1.1624138154461754,0.6763485066482777,0.7958819922064515,0.5443566901537208,-0.1609662468849179,-0.0983732139924541,2444,1164,1280,2.750572565450484,-1.5881587500043084,1.2140721489408826,-0.5377236422926048
TL_CH_to_ISL_G20_Y20_seed4,1.1220272516619656,0.6756740607998317,0.809819228314975,0.5452649601197421,-0.12633458409727233,-0.12206545670051128,2444,1164,1280,2.750572565450484,-1.6285453137885182,1.2140721489408826,-0.5383980881410508
TL_CH_to_ISL_G20_Y20_seed5,1.1693099629650348,0.7013915262440015,0.7934529031372899,0.5099899848962255,-0.37875423539442704,-0.25514237354509534,2444,1164,1280,2.750572565450484,-1.581262602485449,1.2140721489408826,-0.5126806226968811
TL_CH_to_ISL_G20_Y20_seed6,1.1976553659432712,0.7294599484512864,0.7833176563709807,0.4699866237394804,-0.10164214537520588,-0.15000535862054676,2444,1164,1280,2.750572565450484,-1.5529171995072126,1.2140721489408826,-0.4846122004895962
TL_CH_to_ISL_G20_Y20_seed7,1.1132810536262154,0.7227034999052536,0.8127725892998324,0.47975939878173535,-0.24192118921230749,-0.18422249997965992,2444,1164,1280,2.750572565450484,-1.6372915118242684,1.2140721489408826,-0.49136864903562893
TL_CH_to_ISL_G20_Y20_seed8,1.0965193916696132,0.7360567194949645,0.8183679737225323,0.4603570713472046,-0.25067091246753215,-0.22830801142845303,2444,1164,1280,2.750572565450484,-1.6540531737808706,1.2140721489408826,-0.478015429445918
TL_CH_to_ISL_G20_Y20_seed9,1.0961175767486133,0.7508024156199226,0.81850106591732,0.43851876105871335,-0.029414474068023905,-0.17910267992410808,2444,1164,1280,2.750572565450484,-1.6544549887018705,1.2140721489408826,-0.46326973332096
TL_CH_to_ISL_G20_Y2_seed1,1.3580892636754285,0.7567517413571173,0.7213773446483527,0.4295852002546844,0.28465179346271396,-0.0658048418816179,2444,1164,1280,2.750572565450484,-1.3924833017750553,1.2140721489408826,-0.45732040758376524
TL_CH_to_ISL_G20_Y2_seed10,1.3250438400347055,0.7719950453604804,0.734771438459443,0.4063739467249421,0.07349110494569405,-0.0037118277745321394,2444,1164,1280,2.750572565450484,-1.4255287254157782,1.2140721489408826,-0.4420771035804022
TL_CH_to_ISL_G20_Y2_seed11,1.5959660619126617,0.8030138858750612,0.6152247768242812,0.35771166062701554,0.4145558601904571,0.06431851680390537,2444,1164,1280,2.750572565450484,-1.1546065035378221,1.2140721489408826,-0.4110582630658214
TL_CH_to_ISL_G20_Y2_seed12,1.4037627277497948,0.8124265253379932,0.702321677970514,0.3425660672151807,0.23550549292892115,0.002742221811786294,2444,1164,1280,2.750572565450484,-1.346809837700689,1.2140721489408826,-0.40164562360288936
TL_CH_to_ISL_G20_Y2_seed13,1.2852900619377225,0.7658172323033069,0.7504474028417596,0.4158367979731993,-0.09087850068955078,-0.1214064123807475,2444,1164,1280,2.750572565450484,-1.4652825035127612,1.2140721489408826,-0.44825491663757566
TL_CH_to_ISL_G20_Y2_seed14,1.5431348608023507,0.825365262787626,0.6402775356718948,0.32145867809150286,-0.08401306961819888,-0.10406161886639893,2444,1164,1280,2.750572565450484,-1.207437704648133,1.2140721489408826,-0.38870688615325655
TL_CH_to_ISL_G20_Y2_seed15,1.481608467892233,0.800366139737541,0.6683907029741418,0.3619402619293768,0.06750210144163407,-0.17692455861251802,2444,1164,1280,2.750572565450484,-1.2689640975582508,1.2140721489408826,-0.41370600920334155
TL_CH_to_ISL_G20_Y2_seed16,1.3785999604642065,0.7554821000504435,0.7128979335427021,0.4314976231002341,-0.0755336142538749,-0.07802935047075152,2444,1164,1280,2.750572565450484,-1.3719726049862773,1.2140721489408826,-0.4585900488904391
TL_CH_to_ISL_G20_Y2_seed17,1.5264131155305827,0.7379842150277108,0.6480313576207783,0.4575270686372239,0.14453741096446604,0.012234709574840963,2444,1164,1280,2.750572565450484,-1.224159449919901,1.2140721489408826,-0.4760879339131717
TL_CH_to_ISL_G20_Y2_seed18,1.6384845756583855,0.7679825369549872,0.5944499028601871,0.41252875148547885,0.14203828967518822,-0.05649458973202855,2444,1164,1280,2.750572565450484,-1.1120879897920983,1.2140721489408826,-0.44608961198589536
TL_CH_to_ISL_G20_Y2_seed19,1.3044568314421972,0.7637830873296807,0.7429490471817508,0.4189359565211723,0.042836382268220695,-0.12825998892076312,2444,1164,1280,2.750572565450484,-1.4461157340082866,1.2140721489408826,-0.45028906161120186
TL_CH_to_ISL_G20_Y2_seed2,1.4674961697936542,0.7674435122844789,0.6746777646201629,0.41335312014797054,0.31481709044516293,0.02105095386505127,2444,1164,1280,2.750572565450484,-1.2830763956568296,1.2140721489408826,-0.4466286366564036
TL_CH_to_ISL_G20_Y2_seed20,1.5844761431072634,0.777954713386563,0.6207450969413261,0.39717318854149053,0.3179779591941342,-0.09419979806989431,2444,1164,1280,2.750572565450484,-1.1660964223432204,1.2140721489408826,-0.4361174355543196
TL_CH_to_ISL_G20_Y2_seed3,1.5326288388790643,0.8111183466005807,0.6451590106194018,0.34468157831971746,0.033392207780244834,-0.05900058199185878,2444,1164,1280,2.750572565450484,-1.2179437265714195,1.2140721489408826,-0.40295380234030187
TL_CH_to_ISL_G20_Y2_seed4,1.4024780683638827,0.7751059923110254,0.7028662718087124,0.4015799778522491,-0.3165652119007307,-0.03830862722825259,2444,1164,1280,2.750572565450484,-1.3480944970866011,1.2140721489408826,-0.43896615662985716
TL_CH_to_ISL_G20_Y2_seed5,1.3537669258915381,0.7792272517133046,0.7231480453254475,0.3951994293581632,-0.19499696361035415,-0.14360690084286035,2444,1164,1280,2.750572565450484,-1.3968056395589457,1.2140721489408826,-0.4348448972275779
TL_CH_to_ISL_G20_Y2_seed6,1.4751756071684266,0.7479588792396477,0.6712640200522854,0.44276373652960943,0.3475123176613624,0.038823708426207304,2444,1164,1280,2.750572565450484,-1.2753969582820572,1.2140721489408826,-0.4661132697012349
TL_CH_to_ISL_G20_Y2_seed7,1.5626264771579652,0.7986395146672767,0.6311327037209972,0.3646902573399563,0.18743459463017093,0.007125054998323321,2444,1164,1280,2.750572565450484,-1.1879460882925186,1.2140721489408826,-0.4154326342736059
TL_CH_to_ISL_G20_Y2_seed8,1.368505272948781,0.7803524154643885,0.7170871034101989,0.393451567023136,0.008098498370844065,-0.15038205129094423,2444,1164,1280,2.750572565450484,-1.3820672925017028,1.2140721489408826,-0.43371973347649406
TL_CH_to_ISL_G20_Y2_seed9,1.4865779817938376,0.7443833710589148,0.6661624480088962,0.44807857583018884,0.032172186293757656,0.04233894033823162,2444,1164,1280,2.750572565450484,-1.2639945836566462,1.2140721489408826,-0.4696887778819677
TL_CH_to_ISL_G20_Y30_seed1,1.0479538585520987,0.701963947079843,0.8341008667132619,0.5091898429221766,0.12396634485303741,-0.02796772187575698,2444,1164,1280,2.750572565450484,-1.7026187068983851,1.2140721489408826,-0.5121082018610396
TL_CH_to_ISL_G20_Y30_seed10,1.0819508659970256,0.6390932545231292,0.8231622938950793,0.5931705397994081,-0.08397713892443483,-0.05974959807936102,2444,1164,1280,2.750572565450484,-1.6686216994534582,1.2140721489408826,-0.5749788944177534
TL_CH_to_ISL_G20_Y30_seed11,1.0098646840292556,0.6882402356293769,0.8459413228114944,0.5281933648382706,-0.03196880559331363,-0.09311369699425995,2444,1164,1280,2.750572565450484,-1.7407078814212282,1.2140721489408826,-0.5258319133115057
TL_CH_to_ISL_G20_Y30_seed12,1.0528576505217244,0.6528459703181124,0.8325446183019465,0.5754729355436792,0.1224236980183018,-0.09107019128277898,2444,1164,1280,2.750572565450484,-1.6977149149287594,1.2140721489408826,-0.5612261786227701
TL_CH_to_ISL_G20_Y30_seed13,1.2615418737461948,0.7317589801308966,0.7595841280572466,0.4666404832418317,-0.029900085040179315,-0.17616611244156957,2444,1164,1280,2.750572565450484,-1.489030691704289,1.2140721489408826,-0.482313168809986
TL_CH_to_ISL_G20_Y30_seed14,1.4101949363586628,0.6858948432025082,0.6995874326647851,0.5314035410483239,-0.19154831946305803,-0.1910653656348586,2444,1164,1280,2.750572565450484,-1.340377629091821,1.2140721489408826,-0.5281773057383744
TL_CH_to_ISL_G20_Y30_seed15,1.0213503008413078,0.6555303006281187,0.8424170460205024,0.5719746718620107,-0.11158174235386537,-0.17804918151814492,2444,1164,1280,2.750572565450484,-1.729222264609176,1.2140721489408826,-0.5585418483127639
TL_CH_to_ISL_G20_Y30_seed16,1.0450544591221673,0.7264311645921185,0.8350175911291227,0.47437881359270084,0.02250052924520781,-0.03516533432994038,2444,1164,1280,2.750572565450484,-1.7055181063283165,1.2140721489408826,-0.487640984348764
TL_CH_to_ISL_G20_Y30_seed17,0.9852820699588049,0.6226634303377114,0.853350375854931,0.6138192275764458,0.11016022757054195,0.012560123391449452,2444,1164,1280,2.750572565450484,-1.765290495491679,1.2140721489408826,-0.5914087186031711
TL_CH_to_ISL_G20_Y30_seed18,1.0333613081065773,0.7565027019475332,0.8386889241625546,0.4299605740599115,-0.07423413614022363,-0.1820611291565001,2444,1164,1280,2.750572565450484,-1.7172112573439064,1.2140721489408826,-0.45756944699334934
TL_CH_to_ISL_G20_Y30_seed19,1.1542383156496288,0.6318003352138378,0.7987431046883309,0.6024025127779926,0.10410499050445163,-0.15144902204629035,2444,1164,1280,2.750572565450484,-1.596334249800855,1.2140721489408826,-0.5822718137270447
TL_CH_to_ISL_G20_Y30_seed2,1.0823942647708702,0.6328755072243291,0.8230173230073848,0.601048131006723,0.03715222019100517,-0.13219483422581108,2444,1164,1280,2.750572565450484,-1.6681783006796136,1.2140721489408826,-0.5811966417165535
TL_CH_to_ISL_G20_Y30_seed20,1.096441319669799,0.6469381053186255,0.8183938371423849,0.5831216016309874,0.21208217312482625,-0.03519234620034695,2444,1164,1280,2.750572565450484,-1.6541312457806847,1.2140721489408826,-0.5671340436222571
TL_CH_to_ISL_G20_Y30_seed3,1.0796703485562282,0.6837704056920364,0.8239069792051884,0.5343018342961311,-0.03673574356586253,-0.03207262335345149,2444,1164,1280,2.750572565450484,-1.6709022168942556,1.2140721489408826,-0.5303017432488462
TL_CH_to_ISL_G20_Y30_seed4,1.1356237998696268,0.6622914804179665,0.8051821409431763,0.563099779530218,-0.08546643284280685,-0.12236714942846447,2444,1164,1280,2.750572565450484,-1.614948765580857,1.2140721489408826,-0.5517806685229161
TL_CH_to_ISL_G20_Y30_seed5,1.0845551822005641,0.6788605915077326,0.8223099528281697,0.5409657155151317,-0.17674431015330902,-0.22184240843635053,2444,1164,1280,2.750572565450484,-1.6660173832499197,1.2140721489408826,-0.53521155743315
TL_CH_to_ISL_G20_Y30_seed6,1.1756549865687915,0.7034946474162629,0.7912052494727703,0.5070469910032542,-0.18890018005858583,-0.20799477268010377,2444,1164,1280,2.750572565450484,-1.5749175788816923,1.2140721489408826,-0.5105775015246197
TL_CH_to_ISL_G20_Y30_seed7,1.1279516972199033,0.7186016436964057,0.807805569151653,0.4856481105221827,-0.03579584557780695,-0.15432185118552297,2444,1164,1280,2.750572565450484,-1.6226208682305805,1.2140721489408826,-0.4954705052444769
TL_CH_to_ISL_G20_Y30_seed8,1.0724644533460397,0.7120333113616893,0.8262496820649209,0.49500793872749405,-0.14553437919653567,-0.20769372638314962,2444,1164,1280,2.750572565450484,-1.678108112104444,1.2140721489408826,-0.5020388375791932
TL_CH_to_ISL_G20_Y30_seed9,1.0933940456327922,0.7276488236113419,0.8194018887619164,0.47261522242771636,-0.022567685194236718,-0.15517614821437747,2444,1164,1280,2.750572565450484,-1.6571785198176916,1.2140721489408826,-0.4864233253295407
